window_index,center_time_sec,valid_window,mse_AE1D_mean,mse_AE2D_mean,mse_AE1D_median,mse_AE2D_median
0,15,1,0.10876,0.014054,0.06892,0.006278
1,20,1,0.113955,0.014875,0.071732,0.006375
2,25,1,0.117161,0.015364,0.067807,0.006366
3,30,1,0.113615,0.015913,0.065866,0.006138
4,35,1,0.113797,0.015688,0.067152,0.00588
5,40,1,0.114959,0.015299,0.067152,0.005671
6,45,1,0.115999,0.016479,0.065221,0.005652
7,50,1,0.111572,0.016003,0.063915,0.005669
8,55,1,0.113852,0.014856,0.067675,0.005578
9,60,1,0.11243,0.014782,0.066308,0.005645
10,65,1,0.109354,0.015207,0.063993,0.005645
11,70,1,0.110981,0.015442,0.064601,0.005699
12,75,1,0.113905,0.015316,0.065066,0.005535
13,80,1,0.106578,0.014761,0.062754,0.005216
14,85,1,0.108817,0.016821,0.063663,0.005356
15,90,1,0.107684,0.015396,0.063231,0.005197
16,95,1,0.113659,0.015061,0.065863,0.005091
17,100,1,0.115759,0.014928,0.066099,0.005133
18,105,1,0.112751,0.014143,0.065382,0.004933
19,110,1,0.115171,0.014326,0.067178,0.005008
20,115,1,0.108793,0.012968,0.063373,0.004955
21,120,1,0.10726,0.013177,0.065188,0.004968
22,125,1,0.104531,0.013562,0.066251,0.005484
23,130,1,0.10047,0.01342,0.064446,0.005486
24,135,1,0.096929,0.01394,0.062987,0.005785
25,140,1,0.101768,0.014405,0.065254,0.005785
26,145,1,0.112756,0.014664,0.070137,0.005992
27,150,1,0.121326,0.017036,0.072598,0.006377
28,155,1,0.124222,0.017993,0.069172,0.006308
29,160,1,0.124712,0.018685,0.072389,0.006598
30,165,1,0.120884,0.018213,0.073154,0.006492
31,170,1,0.119094,0.01863,0.070526,0.006549
32,175,1,0.110281,0.017995,0.063791,0.006428
33,180,1,0.103421,0.015092,0.061345,0.005782
34,185,1,0.106895,0.0153,0.063524,0.005678
35,190,1,0.108259,0.01471,0.062534,0.005701
36,195,1,0.107933,0.014666,0.059961,0.005586
37,200,1,0.110917,0.014443,0.059652,0.005416
38,205,1,0.11107,0.015022,0.06252,0.005925
39,210,1,0.105297,0.014872,0.062142,0.006009
40,215,1,0.099435,0.014356,0.060959,0.005858
41,220,1,0.09477,0.014479,0.059139,0.00539
42,225,1,0.101037,0.015593,0.063637,0.005641
43,230,1,0.100349,0.016043,0.06277,0.005772
44,235,1,0.10491,0.016321,0.065228,0.005756
45,240,1,0.103783,0.016382,0.064363,0.005956
46,245,1,0.105469,0.016272,0.065155,0.005893
47,250,1,0.109257,0.01625,0.066255,0.005964
48,255,1,0.10816,0.015336,0.064924,0.005956
49,260,1,0.108856,0.014803,0.066088,0.005834
50,265,1,0.108167,0.015972,0.065328,0.005939
51,270,1,0.114443,0.018136,0.06823,0.005804
52,275,1,0.111384,0.018623,0.065981,0.005943
53,280,1,0.111714,0.018691,0.067251,0.005937
54,285,1,0.108795,0.018122,0.066496,0.005918
55,290,1,0.109254,0.018609,0.066592,0.006188
56,295,1,0.104251,0.016809,0.064372,0.005927
57,300,1,0.106267,0.015501,0.064646,0.005919
58,305,1,0.105539,0.015236,0.066555,0.006144
59,310,1,0.107944,0.015752,0.065015,0.006262
60,315,1,0.113561,0.016101,0.067695,0.006385
61,320,1,0.114762,0.016855,0.065614,0.006351
62,325,1,0.116019,0.017373,0.064747,0.006155
63,330,1,0.110284,0.017039,0.062198,0.005954
64,335,1,0.115219,0.016924,0.063778,0.006057
65,340,1,0.113944,0.015723,0.065928,0.005939
66,345,1,0.108955,0.01586,0.06637,0.00569
67,350,1,0.103292,0.014726,0.066706,0.005846
68,355,1,0.101738,0.013705,0.067502,0.005925
69,360,1,0.105908,0.01298,0.069027,0.006174
70,365,1,0.105132,0.013199,0.068804,0.006017
71,370,1,0.102035,0.013559,0.067528,0.006131
72,375,1,0.106445,0.014835,0.067334,0.006571
73,380,1,0.103963,0.014874,0.066232,0.006155
74,385,1,0.108399,0.016154,0.067468,0.006397
75,390,1,0.110837,0.016864,0.070063,0.006397
76,395,1,0.111303,0.017056,0.070693,0.006218
77,400,1,0.113689,0.017831,0.070488,0.006165
78,405,1,0.113301,0.016728,0.073553,0.005965
79,410,1,0.115883,0.016863,0.070989,0.006171
80,415,1,0.117469,0.017609,0.074947,0.006221
81,420,1,0.110685,0.016959,0.068888,0.005971
82,425,1,0.107666,0.016477,0.068109,0.005992
83,430,1,0.106765,0.0156,0.066827,0.005871
84,435,1,0.10407,0.015371,0.063511,0.005578
85,440,1,0.104574,0.014547,0.066798,0.005397
86,445,1,0.101443,0.013699,0.063439,0.005222
87,450,1,0.102802,0.01346,0.065914,0.005472
88,455,1,0.109177,0.013507,0.066295,0.005411
89,460,1,0.110944,0.014197,0.065736,0.005521
90,465,1,0.110035,0.014519,0.066256,0.005624
91,470,1,0.111237,0.014662,0.066815,0.005738
92,475,1,0.112655,0.014352,0.067166,0.00584
93,480,1,0.111875,0.014639,0.066226,0.005734
94,485,1,0.108107,0.015046,0.067378,0.005541
95,490,1,0.101335,0.013774,0.066388,0.005528
96,495,1,0.100264,0.013889,0.065696,0.005505
97,500,1,0.103481,0.014071,0.065256,0.005603
98,505,1,0.098772,0.01492,0.061585,0.005576
99,510,1,0.097683,0.015144,0.060862,0.005697
100,515,1,0.094175,0.014807,0.057864,0.005786
101,520,1,0.093795,0.014965,0.058674,0.005629
102,525,1,0.093858,0.014382,0.058204,0.006038
103,530,1,0.091873,0.014093,0.060662,0.005747
104,535,1,0.095621,0.014313,0.063129,0.005898
105,540,1,0.109669,0.015127,0.067682,0.005849
106,545,1,0.111563,0.014936,0.067669,0.005833
107,550,1,0.111855,0.014281,0.068106,0.005619
108,555,1,0.111949,0.014397,0.070334,0.005492
109,560,1,0.108704,0.014965,0.06957,0.005534
110,565,1,0.103467,0.013416,0.065632,0.005209
111,570,1,0.098291,0.012955,0.061582,0.00521
112,575,1,0.103494,0.015047,0.064881,0.005537
113,580,1,0.103749,0.016047,0.064496,0.005871
114,585,1,0.105822,0.016496,0.064497,0.00608
115,590,1,0.112693,0.016567,0.068807,0.006393
116,595,1,0.113584,0.017379,0.070493,0.006525
117,600,1,0.115355,0.017401,0.073886,0.006749
118,605,1,0.108822,0.015223,0.071972,0.006518
119,610,1,0.105232,0.014743,0.069881,0.006303
120,615,1,0.107263,0.014855,0.068544,0.006298
121,620,1,0.101132,0.014617,0.066053,0.005823
122,625,1,0.099452,0.014825,0.062747,0.005776
123,630,1,0.09667,0.01523,0.062339,0.005885
124,635,1,0.104685,0.0158,0.064132,0.005605
125,640,1,0.110955,0.015889,0.067893,0.005447
126,645,1,0.111396,0.015817,0.071807,0.005619
127,650,1,0.114867,0.015732,0.069484,0.005685
128,655,1,0.12049,0.015739,0.072084,0.006174
129,660,1,0.115365,0.01484,0.069491,0.005548
130,665,1,0.114287,0.015337,0.071152,0.006221
131,670,1,0.110073,0.015302,0.068657,0.006334
132,675,1,0.106322,0.01516,0.064211,0.005839
133,680,1,0.100714,0.015172,0.065897,0.005783
134,685,1,0.102799,0.015229,0.062461,0.005588
135,690,1,0.106044,0.015335,0.064207,0.005551
136,695,1,0.106173,0.015155,0.066409,0.00547
137,700,1,0.107443,0.014928,0.066651,0.005491
138,705,1,0.119722,0.015521,0.073722,0.005667
139,710,1,0.119454,0.015027,0.074771,0.005686
140,715,1,0.118008,0.014249,0.077865,0.005705
141,720,1,0.117462,0.01393,0.075656,0.00579
142,725,1,0.114997,0.013885,0.074533,0.005857
143,730,1,0.116286,0.013709,0.073399,0.005883
144,735,1,0.106599,0.013361,0.072372,0.005857
145,740,1,0.104323,0.013413,0.069744,0.005861
146,745,1,0.097377,0.014407,0.066797,0.005834
147,750,1,0.097569,0.014817,0.066265,0.005754
148,755,1,0.098198,0.015881,0.066888,0.005754
149,760,1,0.101027,0.015959,0.066826,0.005797
150,765,1,0.102612,0.015992,0.067867,0.00554
151,770,1,0.107202,0.016306,0.067999,0.00582
152,775,1,0.111179,0.015302,0.068269,0.005774
153,780,1,0.112756,0.015716,0.070234,0.005636
154,785,1,0.108809,0.014456,0.065535,0.005653
155,790,1,0.113233,0.014839,0.067017,0.005585
156,795,1,0.114027,0.014579,0.065518,0.005805
157,800,1,0.110152,0.013702,0.065535,0.005644
158,805,1,0.108432,0.013981,0.066863,0.005659
159,810,1,0.107069,0.013725,0.064745,0.005781
160,815,1,0.107222,0.013168,0.067302,0.005565
161,820,1,0.100934,0.013123,0.069973,0.005741
162,825,1,0.098481,0.013446,0.066482,0.005652
163,830,1,0.099297,0.013981,0.06798,0.005717
164,835,1,0.099911,0.013834,0.067779,0.005616
165,840,1,0.100241,0.013563,0.067529,0.005374
166,845,1,0.100566,0.014228,0.065221,0.005443
167,850,1,0.103526,0.014021,0.061466,0.005136
168,855,1,0.112849,0.014325,0.062206,0.005309
169,860,1,0.11332,0.014494,0.062589,0.005205
170,865,1,0.118208,0.015651,0.065936,0.005483
171,870,1,0.112634,0.014916,0.063419,0.00529
172,875,1,0.110657,0.015116,0.061494,0.005492
173,880,1,0.107178,0.01555,0.063409,0.005838
174,885,1,0.097574,0.015454,0.060258,0.005895
175,890,1,0.103435,0.016356,0.06398,0.006165
176,895,1,0.099788,0.015407,0.063325,0.006145
177,900,1,0.103693,0.016208,0.064976,0.006391
178,905,1,0.10862,0.015981,0.068953,0.006167
179,910,1,0.103987,0.015029,0.066132,0.005648
180,915,1,0.107263,0.01579,0.070011,0.005565
181,920,1,0.10768,0.015439,0.066172,0.005466
182,925,1,0.10851,0.015847,0.064696,0.005529
183,930,1,0.108924,0.015802,0.064228,0.005672
184,935,1,0.104421,0.016655,0.05996,0.005986
185,940,1,0.106441,0.017333,0.060109,0.006373
186,945,1,0.106355,0.016213,0.059833,0.006489
187,950,1,0.103619,0.015981,0.060954,0.006571
188,955,1,0.103201,0.015643,0.062649,0.00636
189,960,1,0.104393,0.015904,0.062649,0.00636
190,965,1,0.103882,0.014607,0.064433,0.006252
191,970,1,0.109049,0.014499,0.067123,0.006296
192,975,1,0.106511,0.014961,0.066769,0.005907
193,980,1,0.101118,0.014993,0.064624,0.005554
194,985,1,0.099115,0.014587,0.063625,0.005323
195,990,1,0.104852,0.015101,0.066856,0.005372
196,995,1,0.112271,0.015741,0.067408,0.005394
197,1000,1,0.114403,0.01747,0.068642,0.005442
198,1005,1,0.11558,0.017242,0.069605,0.005694
199,1010,1,0.120388,0.017676,0.070068,0.005953
200,1015,1,0.122633,0.018119,0.072231,0.006018
201,1020,1,0.113755,0.016921,0.068859,0.005713
202,1025,1,0.108478,0.016615,0.068664,0.005742
203,1030,1,0.103424,0.015445,0.065514,0.005622
204,1035,1,0.102105,0.015817,0.064442,0.005723
205,1040,1,0.102992,0.01601,0.063121,0.005901
206,1045,1,0.106799,0.016075,0.063121,0.006244
207,1050,1,0.10872,0.016609,0.065828,0.00641
208,1055,1,0.117105,0.017939,0.067754,0.006752
209,1060,1,0.119022,0.017623,0.069713,0.006906
210,1065,1,0.127281,0.018477,0.07523,0.006929
211,1070,1,0.126803,0.017692,0.078714,0.006753
212,1075,1,0.124528,0.017252,0.076087,0.006579
213,1080,1,0.124773,0.017555,0.074351,0.006456
214,1085,1,0.115257,0.016695,0.074134,0.006403
215,1090,1,0.11063,0.016553,0.070357,0.006014
216,1095,1,0.102657,0.015313,0.065428,0.005907
217,1100,1,0.100046,0.014825,0.062075,0.005404
218,1105,1,0.101148,0.015367,0.063332,0.005385
219,1110,1,0.098004,0.015631,0.062277,0.005489
220,1115,1,0.101589,0.016408,0.06275,0.005574
221,1120,1,0.101504,0.015287,0.063598,0.005545
222,1125,1,0.101473,0.015382,0.06275,0.005571
223,1130,1,0.099482,0.015803,0.063174,0.005891
224,1135,1,0.097808,0.015229,0.06428,0.006012
225,1140,1,0.100707,0.015472,0.065535,0.006114
226,1145,1,0.096385,0.014069,0.062707,0.006194
227,1150,1,0.103628,0.014821,0.063767,0.006419
228,1155,1,0.104972,0.014395,0.064642,0.006407
229,1160,1,0.107869,0.013433,0.065435,0.006192
230,1165,1,0.116384,0.014338,0.068411,0.006333
231,1170,1,0.117335,0.013031,0.066872,0.005926
232,1175,1,0.124017,0.014169,0.073164,0.005799
233,1180,1,0.126681,0.01459,0.074243,0.005686
234,1185,1,0.12696,0.015959,0.075034,0.005757
235,1190,1,0.122829,0.01617,0.075554,0.005719
236,1195,1,0.11438,0.015495,0.070428,0.005552
237,1200,1,0.11158,0.015718,0.069792,0.005674
238,1205,1,0.10851,0.014599,0.065202,0.005508
239,1210,1,0.100887,0.013778,0.065332,0.005548
240,1215,1,0.103055,0.012992,0.06573,0.005718
241,1220,1,0.099865,0.012801,0.062801,0.005823
242,1225,1,0.10263,0.013872,0.067149,0.005871
243,1230,1,0.114445,0.013984,0.072366,0.006017
244,1235,1,0.112798,0.015842,0.072135,0.006452
245,1240,1,0.114041,0.016453,0.073332,0.006656
246,1245,1,0.116265,0.017349,0.073857,0.006935
247,1250,1,0.120231,0.018072,0.074518,0.006516
248,1255,1,0.116548,0.01752,0.070562,0.006456
249,1260,1,0.113035,0.018261,0.067321,0.006444
250,1265,1,0.116509,0.017849,0.071199,0.006281
251,1270,1,0.117986,0.01856,0.073085,0.006273
252,1275,1,0.118147,0.018208,0.07232,0.006078
253,1280,1,0.122393,0.018984,0.073085,0.006279
254,1285,1,0.12354,0.019374,0.072704,0.006503
255,1290,1,0.117685,0.020438,0.072231,0.006394
256,1295,1,0.121212,0.019817,0.070565,0.006311
257,1300,1,0.118402,0.018835,0.068805,0.006236
258,1305,1,0.117663,0.018771,0.069469,0.005996
259,1310,1,0.113941,0.018176,0.067462,0.006027
260,1315,1,0.110311,0.017214,0.068095,0.005803
261,1320,1,0.110648,0.015595,0.067867,0.005679
262,1325,1,0.107429,0.015939,0.068095,0.005956
263,1330,1,0.105588,0.015951,0.064289,0.006047
264,1335,1,0.106081,0.01567,0.064722,0.006273
265,1340,1,0.104144,0.016231,0.065369,0.00599
266,1345,1,0.111454,0.016767,0.068917,0.006171
267,1350,1,0.110738,0.016776,0.069662,0.006522
268,1355,1,0.109066,0.017628,0.067386,0.006474
269,1360,1,0.115149,0.017672,0.070345,0.006267
270,1365,1,0.113386,0.017038,0.068378,0.005951
271,1370,1,0.116565,0.016732,0.069627,0.006605
272,1375,1,0.112111,0.01616,0.067603,0.006461
273,1380,1,0.108331,0.015226,0.065684,0.005834
274,1385,1,0.102386,0.01453,0.063468,0.005729
275,1390,1,0.099746,0.014717,0.062497,0.005682
276,1395,1,0.098467,0.014775,0.06508,0.005675
277,1400,1,0.095684,0.014289,0.06292,0.005365
278,1405,1,0.100663,0.014722,0.066191,0.005667
279,1410,1,0.103905,0.014746,0.066408,0.005979
280,1415,1,0.106355,0.01421,0.069797,0.00599
281,1420,1,0.105927,0.014442,0.072634,0.005988
282,1425,1,0.099789,0.014925,0.066683,0.005962
283,1430,1,0.104801,0.01506,0.067832,0.005912
284,1435,1,0.103985,0.015871,0.066645,0.005779
285,1440,1,0.109899,0.017174,0.070832,0.005856
286,1445,1,0.120159,0.01831,0.073939,0.00585
287,1450,1,0.119014,0.017757,0.070141,0.005896
288,1455,1,0.123079,0.017109,0.074944,0.006146
289,1460,1,0.122094,0.017359,0.074944,0.006435
290,1465,1,0.118263,0.017753,0.069829,0.0064
291,1470,1,0.110402,0.016078,0.06669,0.006135
292,1475,1,0.103976,0.01505,0.063669,0.006212
293,1480,1,0.106543,0.015745,0.067573,0.006339
294,1485,1,0.100247,0.015301,0.063181,0.006078
295,1490,1,0.096235,0.015179,0.061326,0.005604
296,1495,1,0.0959,0.015119,0.063795,0.0055
297,1500,1,0.10144,0.017436,0.064505,0.005933
298,1505,1,0.101056,0.017064,0.06393,0.005707
299,1510,1,0.103058,0.01776,0.063224,0.005877
300,1515,1,0.112357,0.019248,0.070575,0.005963
301,1520,1,0.119536,0.020556,0.06837,0.006033
302,1525,1,0.121201,0.02024,0.067784,0.006395
303,1530,1,0.119803,0.019244,0.06837,0.00636
304,1535,1,0.121613,0.019201,0.067,0.006444
305,1540,1,0.116319,0.017892,0.063079,0.00613
306,1545,1,0.112985,0.01676,0.060735,0.006304
307,1550,1,0.112081,0.015962,0.065388,0.006208
308,1555,1,0.110453,0.015177,0.064026,0.005944
309,1560,1,0.116638,0.015089,0.066131,0.00606
310,1565,1,0.114222,0.015631,0.065076,0.006074
311,1570,1,0.114286,0.016546,0.064365,0.006019
312,1575,1,0.113795,0.016808,0.064433,0.005946
313,1580,1,0.113562,0.017331,0.064268,0.006123
314,1585,1,0.112258,0.017167,0.064194,0.006012
315,1590,1,0.105528,0.017361,0.062559,0.005988
316,1595,1,0.103749,0.0171,0.061605,0.005871
317,1600,1,0.104905,0.016079,0.062797,0.005902
318,1605,1,0.10551,0.016093,0.063366,0.005757
319,1610,1,0.106134,0.015125,0.063325,0.005516
320,1615,1,0.109819,0.015534,0.065088,0.005731
321,1620,1,0.112531,0.014973,0.064821,0.005695
322,1625,1,0.113629,0.016433,0.065619,0.005795
323,1630,1,0.113652,0.016797,0.069435,0.005933
324,1635,1,0.109498,0.015892,0.069225,0.005827
325,1640,1,0.106605,0.016657,0.069733,0.005971
326,1645,1,0.112355,0.016888,0.066063,0.006007
327,1650,1,0.105713,0.016804,0.06197,0.005862
328,1655,1,0.111832,0.016032,0.068168,0.005998
329,1660,1,0.107473,0.015257,0.066207,0.005769
330,1665,1,0.108736,0.015755,0.066083,0.006033
331,1670,1,0.108279,0.015102,0.064967,0.006004
332,1675,1,0.107485,0.015275,0.068263,0.00566
333,1680,1,0.112586,0.014665,0.071142,0.005732
334,1685,1,0.107233,0.014295,0.068523,0.005529
335,1690,1,0.108463,0.01475,0.0692,0.005939
336,1695,1,0.114128,0.014821,0.072266,0.005872
337,1700,1,0.117069,0.015142,0.072472,0.00583
338,1705,1,0.105907,0.014245,0.065565,0.005807
339,1710,1,0.103747,0.014152,0.065073,0.005774
340,1715,1,0.109163,0.01515,0.064812,0.006072
341,1720,1,0.110168,0.014613,0.063827,0.005891
342,1725,1,0.103954,0.014447,0.060555,0.005953
343,1730,1,0.110146,0.014775,0.060081,0.005926
344,1735,1,0.116921,0.015,0.065762,0.006125
345,1740,1,0.114196,0.015255,0.063503,0.005716
346,1745,1,0.110878,0.014085,0.06741,0.00556
347,1750,1,0.109017,0.014492,0.067536,0.005332
348,1755,1,0.111501,0.015658,0.066031,0.005566
349,1760,1,0.100393,0.015016,0.065102,0.005607
350,1765,1,0.100475,0.01488,0.065253,0.005385
351,1770,1,0.098297,0.015402,0.064858,0.00585
352,1775,1,0.096342,0.016197,0.06316,0.005871
353,1780,1,0.096863,0.015982,0.064149,0.005653
354,1785,1,0.101142,0.014925,0.065621,0.005385
355,1790,1,0.107651,0.016448,0.068557,0.00555
356,1795,1,0.106762,0.016318,0.07046,0.005583
357,1800,1,0.107964,0.01577,0.071938,0.005563
358,1805,1,0.113187,0.016042,0.072638,0.005701
359,1810,1,0.113476,0.01627,0.070885,0.005773
360,1815,1,0.103938,0.015851,0.067982,0.00579
361,1820,1,0.09638,0.014388,0.065922,0.005666
362,1825,1,0.102617,0.016067,0.065166,0.006059
363,1830,1,0.110047,0.016547,0.065858,0.006128
364,1835,1,0.104684,0.016785,0.062187,0.006217
365,1840,1,0.107448,0.016224,0.062786,0.006391
366,1845,1,0.112611,0.016847,0.064154,0.00636
367,1850,1,0.114923,0.017096,0.06403,0.006155
368,1855,1,0.113703,0.015733,0.064596,0.005887
369,1860,1,0.115445,0.014471,0.065011,0.005403
370,1865,1,0.120368,0.015273,0.06893,0.005277
371,1870,1,0.124468,0.016136,0.070123,0.005377
372,1875,1,0.122915,0.015321,0.07322,0.005413
373,1880,1,0.122253,0.01541,0.073867,0.005708
374,1885,1,0.116955,0.015409,0.071572,0.00569
375,1890,1,0.108912,0.01616,0.067725,0.006169
376,1895,1,0.106797,0.016576,0.066365,0.006713
377,1900,1,0.098027,0.01569,0.064121,0.006456
378,1905,1,0.101679,0.016281,0.064938,0.006428
379,1910,1,0.105591,0.017002,0.067406,0.006471
380,1915,1,0.111844,0.017021,0.067838,0.006664
381,1920,1,0.110117,0.015873,0.068047,0.006476
382,1925,1,0.111216,0.014493,0.071281,0.005926
383,1930,1,0.113424,0.015655,0.072516,0.005855
384,1935,1,0.112839,0.015281,0.069667,0.005932
385,1940,1,0.112337,0.014312,0.067917,0.00586
386,1945,1,0.115477,0.015292,0.069337,0.005791
387,1950,1,0.118673,0.016192,0.069611,0.006036
388,1955,1,0.119125,0.016122,0.067769,0.006198
389,1960,1,0.120907,0.01598,0.069379,0.006075
390,1965,1,0.119672,0.019243,0.070566,0.006374
391,1970,1,0.119485,0.020166,0.067769,0.006274
392,1975,1,0.112858,0.0195,0.066026,0.006306
393,1980,1,0.108395,0.019087,0.065555,0.006245
394,1985,1,0.109019,0.020304,0.066731,0.006278
395,1990,1,0.107905,0.020342,0.067561,0.006488
396,1995,1,0.109808,0.017327,0.069874,0.005921
397,2000,1,0.10972,0.016574,0.070999,0.005994
398,2005,1,0.107131,0.01722,0.069874,0.005911
399,2010,1,0.111074,0.018126,0.069647,0.005865
400,2015,1,0.10928,0.017125,0.068696,0.005863
401,2020,1,0.11287,0.017244,0.070265,0.006059
402,2025,1,0.12155,0.017913,0.070396,0.006442
403,2030,1,0.118761,0.017675,0.069474,0.006262
404,2035,1,0.123603,0.017225,0.070469,0.006326
405,2040,1,0.12006,0.016472,0.071318,0.006262
406,2045,1,0.124142,0.015782,0.073607,0.006278
407,2050,1,0.122057,0.01543,0.069593,0.005888
408,2055,1,0.107989,0.014774,0.068128,0.005732
409,2060,1,0.113924,0.015282,0.071719,0.005926
410,2065,1,0.108252,0.014763,0.069611,0.005933
411,2070,1,0.107864,0.014947,0.07031,0.006048
412,2075,1,0.103541,0.016041,0.067065,0.006036
413,2080,1,0.103867,0.015555,0.067455,0.006064
414,2085,1,0.110822,0.016353,0.068437,0.006322
415,2090,1,0.107928,0.016136,0.065775,0.006142
416,2095,1,0.10739,0.015955,0.06618,0.006074
417,2100,1,0.109646,0.016563,0.065084,0.006139
418,2105,1,0.117619,0.016821,0.068366,0.006162
419,2110,1,0.116373,0.016171,0.068722,0.006002
420,2115,1,0.108502,0.015337,0.066614,0.005795
421,2120,1,0.110951,0.016111,0.066506,0.005818
422,2125,1,0.112014,0.0174,0.067148,0.005947
423,2130,1,0.116126,0.016299,0.067265,0.005776
424,2135,1,0.112584,0.016699,0.068367,0.006222
425,2140,1,0.113775,0.017036,0.06897,0.006226
426,2145,1,0.11844,0.01702,0.06897,0.006389
427,2150,1,0.113354,0.016605,0.069485,0.006376
428,2155,1,0.114341,0.015008,0.068907,0.006117
429,2160,1,0.108529,0.014837,0.06882,0.006182
430,2165,1,0.108343,0.015115,0.066419,0.00586
431,2170,1,0.112192,0.016689,0.066458,0.006106
432,2175,1,0.110809,0.016862,0.067379,0.00624
433,2180,1,0.120462,0.017318,0.06876,0.006117
434,2185,1,0.118148,0.018112,0.068271,0.006727
435,2190,1,0.122157,0.018571,0.068256,0.006301
436,2195,1,0.125414,0.017898,0.068799,0.006363
437,2200,1,0.114607,0.01667,0.063356,0.005861
438,2205,1,0.115315,0.01705,0.064571,0.005947
439,2210,1,0.108712,0.016414,0.065515,0.005868
440,2215,1,0.111704,0.017166,0.067805,0.005951
441,2220,1,0.104572,0.016366,0.064059,0.005868
442,2225,1,0.100656,0.018042,0.06608,0.006063
443,2230,1,0.102001,0.017139,0.069227,0.006162
444,2235,1,0.108718,0.017078,0.07015,0.006129
445,2240,1,0.109144,0.017499,0.067395,0.006004
446,2245,1,0.108226,0.016425,0.067112,0.005861
447,2250,1,0.114266,0.018137,0.070734,0.006123
448,2255,1,0.11322,0.015782,0.069134,0.006257
449,2260,1,0.116891,0.016736,0.06846,0.006051
450,2265,1,0.109484,0.017315,0.066784,0.006142
451,2270,1,0.105824,0.016677,0.066935,0.006167
452,2275,1,0.110679,0.017819,0.070752,0.0063
453,2280,1,0.106878,0.016521,0.068086,0.006188
454,2285,1,0.106645,0.017643,0.067046,0.005962
455,2290,1,0.105266,0.017245,0.068194,0.005856
456,2295,1,0.107463,0.01703,0.071241,0.005904
457,2300,1,0.116183,0.01724,0.074482,0.0061
458,2305,1,0.111605,0.0162,0.070218,0.006044
459,2310,1,0.110743,0.015277,0.067526,0.006062
460,2315,1,0.112282,0.015277,0.067221,0.006043
461,2320,1,0.118297,0.017185,0.071822,0.006521
462,2325,1,0.115695,0.016481,0.071926,0.006165
463,2330,1,0.104241,0.01565,0.066259,0.006069
464,2335,1,0.1052,0.01584,0.064684,0.006075
465,2340,1,0.104676,0.016545,0.066079,0.006114
466,2345,1,0.10414,0.016724,0.066187,0.006433
467,2350,1,0.103601,0.015217,0.066184,0.006265
468,2355,1,0.105782,0.017025,0.067777,0.006319
469,2360,1,0.103201,0.016651,0.06563,0.006216
470,2365,1,0.102038,0.016884,0.068384,0.00641
471,2370,1,0.106705,0.016991,0.068501,0.006152
472,2375,1,0.103307,0.015979,0.066112,0.006121
473,2380,1,0.101179,0.015921,0.066205,0.006124
474,2385,1,0.104402,0.015374,0.066112,0.006073
475,2390,1,0.108572,0.016371,0.068256,0.006234
476,2395,1,0.107598,0.016032,0.067867,0.006166
477,2400,1,0.109604,0.016361,0.067839,0.005984
478,2405,1,0.114556,0.018134,0.070861,0.006239
479,2410,1,0.109326,0.018426,0.067756,0.006207
480,2415,1,0.112452,0.019243,0.06808,0.00638
481,2420,1,0.11489,0.019545,0.071789,0.006389
482,2425,1,0.117367,0.01989,0.07284,0.006389
483,2430,1,0.111192,0.020133,0.070797,0.006611
484,2435,1,0.110529,0.018838,0.069856,0.005998
485,2440,1,0.110595,0.018801,0.068723,0.006145
486,2445,1,0.106093,0.017527,0.06819,0.005897
487,2450,1,0.103259,0.016469,0.066232,0.005839
488,2455,1,0.107111,0.016928,0.068606,0.005951
489,2460,1,0.104224,0.016146,0.0666,0.005905
490,2465,1,0.100254,0.015824,0.064592,0.005793
491,2470,1,0.103054,0.015515,0.065434,0.005763
492,2475,1,0.105387,0.016135,0.064844,0.00577
493,2480,1,0.104917,0.015942,0.064682,0.005792
494,2485,1,0.101091,0.015548,0.063381,0.005705
495,2490,1,0.10214,0.014845,0.064917,0.005746
496,2495,1,0.106856,0.015511,0.06621,0.006166
497,2500,1,0.101842,0.014341,0.065515,0.006117
498,2505,1,0.097115,0.013958,0.06493,0.00617
499,2510,1,0.100164,0.015077,0.066452,0.006002
500,2515,1,0.098613,0.015247,0.067517,0.006228
501,2520,1,0.102119,0.015465,0.067444,0.006043
502,2525,1,0.096238,0.015089,0.066826,0.006251
503,2530,1,0.09796,0.015675,0.065246,0.006122
504,2535,1,0.096542,0.014953,0.062702,0.006234
505,2540,1,0.099854,0.014857,0.066205,0.006589
506,2545,1,0.104203,0.01451,0.064902,0.006239
507,2550,1,0.107987,0.015467,0.068803,0.006513
508,2555,1,0.112074,0.015972,0.06982,0.006453
509,2560,1,0.111003,0.015616,0.069613,0.006245
510,2565,1,0.110491,0.01607,0.068601,0.006029
511,2570,1,0.106692,0.015908,0.064493,0.005725
512,2575,1,0.102395,0.017649,0.061426,0.00615
513,2580,1,0.095341,0.016031,0.059304,0.006011
514,2585,1,0.09682,0.01611,0.060024,0.006307
515,2590,1,0.097937,0.015988,0.060966,0.006319
516,2595,1,0.1069,0.016455,0.062115,0.00658
517,2600,1,0.106909,0.015785,0.063012,0.006222
518,2605,1,0.108444,0.014498,0.063909,0.006265
519,2610,1,0.108358,0.015089,0.062223,0.006421
520,2615,1,0.115581,0.015808,0.061863,0.006144
521,2620,1,0.124503,0.01697,0.064994,0.006453
522,2625,1,0.119225,0.015998,0.062007,0.006318
523,2630,1,0.126337,0.016754,0.067416,0.006673
524,2635,1,0.129809,0.01704,0.071366,0.007005
525,2640,1,0.13536,0.01792,0.076883,0.007318
526,2645,1,0.129903,0.01696,0.076798,0.007064
527,2650,1,0.13039,0.016554,0.075797,0.007146
528,2655,1,0.124509,0.016642,0.075724,0.006853
529,2660,1,0.12466,0.017374,0.076557,0.006853
530,2665,1,0.121751,0.016889,0.075089,0.006338
531,2670,1,0.117192,0.015945,0.074809,0.005975
532,2675,1,0.116568,0.015456,0.074135,0.005803
533,2680,1,0.110584,0.014882,0.073418,0.005711
534,2685,1,0.122401,0.016106,0.078795,0.006146
535,2690,1,0.117149,0.015685,0.073801,0.005999
536,2695,1,0.113712,0.01588,0.071086,0.006015
537,2700,1,0.115482,0.017197,0.070394,0.006138
538,2705,1,0.116318,0.018137,0.072879,0.006504
539,2710,1,0.111926,0.018076,0.06989,0.006028
540,2715,1,0.104999,0.017672,0.067755,0.006189
541,2720,1,0.105419,0.016913,0.066787,0.00612
542,2725,1,0.110761,0.017146,0.069077,0.006021
543,2730,1,0.106091,0.016167,0.065416,0.005876
544,2735,1,0.106541,0.016123,0.066016,0.005808
545,2740,1,0.111983,0.016262,0.067413,0.005957
546,2745,1,0.119702,0.015776,0.067001,0.005646
547,2750,1,0.119754,0.015046,0.066232,0.00528
548,2755,1,0.116665,0.01393,0.067001,0.005466
549,2760,1,0.116121,0.013631,0.065449,0.005286
550,2765,1,0.113638,0.013473,0.06431,0.005138
551,2770,1,0.109556,0.014152,0.063627,0.005138
552,2775,1,0.103833,0.014703,0.064731,0.005468
553,2780,1,0.105457,0.015235,0.065416,0.005783
554,2785,1,0.110455,0.016278,0.068245,0.00623
555,2790,1,0.116816,0.017004,0.071306,0.006482
556,2795,1,0.116171,0.016989,0.070964,0.006505
557,2800,1,0.114477,0.015434,0.070709,0.006121
558,2805,1,0.115151,0.015254,0.070259,0.006059
559,2810,1,0.114894,0.015783,0.069934,0.006009
560,2815,1,0.110332,0.01546,0.066667,0.005789
561,2820,1,0.110015,0.015304,0.067638,0.005688
562,2825,1,0.117489,0.014992,0.068649,0.006059
563,2830,1,0.127626,0.016587,0.072585,0.006514
564,2835,1,0.117644,0.015761,0.068968,0.006236
565,2840,1,0.122285,0.016856,0.071442,0.006679
566,2845,1,0.1178,0.016645,0.069228,0.006468
567,2850,1,0.117668,0.016271,0.069781,0.006435
568,2855,1,0.113621,0.016431,0.069306,0.005961
569,2860,1,0.106946,0.015044,0.066095,0.005738
570,2865,1,0.115217,0.0157,0.069227,0.005804
571,2870,1,0.110504,0.014806,0.067687,0.00538
572,2875,1,0.115604,0.015552,0.070717,0.005454
573,2880,1,0.114347,0.016194,0.067926,0.005498
574,2885,1,0.111646,0.016226,0.067834,0.00583
575,2890,1,0.109374,0.01649,0.067032,0.005947
576,2895,1,0.106268,0.016718,0.065218,0.00601
577,2900,1,0.103506,0.015541,0.063656,0.005862
578,2905,1,0.106487,0.015957,0.067126,0.006047
579,2910,1,0.100651,0.014915,0.064797,0.00596
580,2915,1,0.099651,0.015211,0.061752,0.005972
581,2920,1,0.108812,0.016514,0.067126,0.00611
582,2925,1,0.110637,0.016327,0.064868,0.006163
583,2930,1,0.109243,0.016466,0.066838,0.006271
584,2935,1,0.104637,0.015637,0.06244,0.006151
585,2940,1,0.104802,0.015818,0.061645,0.005989
586,2945,1,0.101476,0.015267,0.06145,0.005826
587,2950,1,0.095535,0.014618,0.058663,0.005641
588,2955,1,0.098364,0.015731,0.061383,0.005551
589,2960,1,0.100422,0.015391,0.060771,0.005605
590,2965,1,0.106863,0.015855,0.060311,0.005607
591,2970,1,0.115133,0.016915,0.064083,0.005709
592,2975,1,0.11168,0.017202,0.062962,0.005789
593,2980,1,0.111052,0.017084,0.060962,0.005779
594,2985,1,0.105613,0.016217,0.061043,0.005869
595,2990,1,0.105826,0.016943,0.062626,0.005655
596,2995,1,0.10317,0.017465,0.063458,0.005762
597,3000,1,0.101616,0.016346,0.063058,0.005762
598,3005,1,0.108002,0.016891,0.064247,0.005941
599,3010,1,0.110796,0.01714,0.070282,0.006444
600,3015,1,0.109933,0.016049,0.067827,0.006032
601,3020,1,0.110328,0.015897,0.068419,0.006402
602,3025,1,0.103906,0.014761,0.066819,0.006168
603,3030,1,0.094582,0.013646,0.064047,0.005729
604,3035,1,0.09708,0.013804,0.066841,0.005841
605,3040,1,0.098997,0.013728,0.064946,0.005945
606,3045,1,0.098051,0.014205,0.064851,0.005983
607,3050,1,0.094794,0.013679,0.061826,0.005837
608,3055,1,0.100772,0.013925,0.063889,0.006085
609,3060,1,0.101144,0.014326,0.062737,0.006217
610,3065,1,0.097466,0.0139,0.058916,0.005677
611,3070,1,0.093796,0.013815,0.060914,0.005613
612,3075,1,0.097719,0.014665,0.062019,0.00623
613,3080,1,0.1013,0.014917,0.066081,0.006063
614,3085,1,0.100374,0.015424,0.066904,0.006312
615,3090,1,0.109441,0.015327,0.068305,0.006351
616,3095,1,0.11094,0.014936,0.069054,0.006433
617,3100,1,0.111124,0.014848,0.06744,0.00608
618,3105,1,0.110398,0.01452,0.068238,0.005683
619,3110,1,0.119419,0.01514,0.066904,0.005715
620,3115,1,0.116743,0.014821,0.065956,0.005577
621,3120,1,0.113962,0.014952,0.067965,0.005659
622,3125,1,0.110997,0.015394,0.06829,0.005712
623,3130,1,0.11686,0.016478,0.071769,0.005962
624,3135,1,0.114521,0.016426,0.068681,0.005904
625,3140,1,0.103541,0.015522,0.065878,0.005766
626,3145,1,0.104889,0.015545,0.067749,0.005766
627,3150,1,0.105464,0.015773,0.067649,0.005752
628,3155,1,0.104352,0.015517,0.066136,0.005598
629,3160,1,0.099621,0.01386,0.064244,0.005506
630,3165,1,0.10233,0.013386,0.062654,0.005702
631,3170,1,0.105653,0.014549,0.065823,0.005734
632,3175,1,0.105628,0.015135,0.065198,0.006055
633,3180,1,0.107141,0.015247,0.066529,0.006225
634,3185,1,0.111076,0.015631,0.068823,0.006639
635,3190,1,0.111699,0.015934,0.06633,0.006504
636,3195,1,0.111961,0.01572,0.067124,0.006264
637,3200,1,0.112331,0.015231,0.064987,0.006244
638,3205,1,0.110881,0.01484,0.063044,0.005822
639,3210,1,0.109364,0.015598,0.0616,0.005776
640,3215,1,0.105529,0.015105,0.062027,0.005605
641,3220,1,0.101697,0.01452,0.061718,0.005614
642,3225,1,0.098865,0.015873,0.062902,0.00569
643,3230,1,0.093876,0.015341,0.061353,0.005475
644,3235,1,0.097038,0.015564,0.066135,0.005784
645,3240,1,0.09748,0.014941,0.068453,0.005724
646,3245,1,0.097764,0.014911,0.065879,0.005606
647,3250,1,0.103384,0.015952,0.070668,0.00613
648,3255,1,0.109005,0.015279,0.068568,0.006321
649,3260,1,0.117497,0.016581,0.071713,0.006464
650,3265,1,0.11484,0.016064,0.068213,0.006125
651,3270,1,0.117506,0.016348,0.07011,0.006375
652,3275,1,0.120203,0.016676,0.073723,0.006519
653,3280,1,0.121057,0.01658,0.073153,0.006253
654,3285,1,0.117713,0.016598,0.074148,0.006053
655,3290,1,0.11025,0.015446,0.070619,0.006145
656,3295,1,0.116886,0.015704,0.074264,0.006292
657,3300,1,0.114971,0.016037,0.071562,0.006292
658,3305,1,0.114162,0.017996,0.070268,0.006607
659,3310,1,0.113907,0.01898,0.069971,0.006301
660,3315,1,0.108046,0.018282,0.068698,0.006351
661,3320,1,0.114329,0.018371,0.068184,0.006208
662,3325,1,0.106289,0.017898,0.064711,0.005922
663,3330,1,0.101704,0.017648,0.06128,0.005706
664,3335,1,0.103512,0.015773,0.063618,0.005672
665,3340,1,0.103639,0.014072,0.064158,0.005665
666,3345,1,0.10637,0.014555,0.06535,0.005832
667,3350,1,0.100135,0.014934,0.066891,0.005979
668,3355,1,0.103425,0.015085,0.068478,0.006169
669,3360,1,0.109299,0.014526,0.069921,0.006028
670,3365,1,0.111711,0.014779,0.069677,0.006132
671,3370,1,0.10809,0.01519,0.068212,0.006167
672,3375,1,0.109008,0.015125,0.0681,0.006159
673,3380,1,0.111056,0.015434,0.068352,0.006137
674,3385,1,0.10644,0.014883,0.065415,0.006081
675,3390,1,0.106254,0.015597,0.067124,0.006259
676,3395,1,0.103573,0.015335,0.066501,0.00625
677,3400,1,0.107907,0.015753,0.067406,0.006397
678,3405,1,0.106868,0.016424,0.067526,0.006557
679,3410,1,0.106457,0.016033,0.066681,0.006328
680,3415,1,0.110978,0.016471,0.069208,0.006137
681,3420,1,0.108593,0.016147,0.06822,0.006054
682,3425,1,0.110698,0.017092,0.066649,0.005832
683,3430,1,0.111363,0.017838,0.068383,0.005776
684,3435,1,0.108443,0.017026,0.067632,0.005696
685,3440,1,0.112951,0.016127,0.068443,0.005748
686,3445,1,0.113875,0.01645,0.070456,0.005985
687,3450,1,0.114424,0.016104,0.069582,0.005793
688,3455,1,0.112049,0.015086,0.069484,0.005744
689,3460,1,0.111329,0.013939,0.067268,0.005605
690,3465,1,0.115301,0.014595,0.066938,0.005561
691,3470,1,0.112163,0.015075,0.065983,0.005624
692,3475,1,0.111455,0.014762,0.064274,0.005567
693,3480,1,0.116072,0.016208,0.067116,0.005624
694,3485,1,0.113951,0.016463,0.063793,0.00572
695,3490,1,0.117909,0.017056,0.066743,0.005807
696,3495,1,0.116825,0.016308,0.066988,0.00612
697,3500,1,0.119382,0.016888,0.067701,0.006139
698,3505,1,0.121364,0.017146,0.069614,0.005924
699,3510,1,0.116755,0.016121,0.067683,0.00601
700,3515,1,0.116582,0.016216,0.071951,0.006281
701,3520,1,0.114896,0.017606,0.069293,0.006334
702,3525,1,0.115467,0.018492,0.070586,0.006121
703,3530,1,0.113211,0.01841,0.06993,0.006082
704,3535,1,0.106643,0.017876,0.065152,0.006281
705,3540,1,0.105523,0.017457,0.065314,0.006032
706,3545,1,0.105632,0.017427,0.065314,0.005979
707,3550,1,0.10123,0.01633,0.062914,0.005877
708,3555,1,0.102725,0.016903,0.06374,0.005891
709,3560,1,0.10353,0.016025,0.065239,0.005847
710,3565,1,0.102059,0.015666,0.064703,0.00564
711,3570,1,0.096356,0.014363,0.060014,0.005161
712,3575,1,0.094679,0.013491,0.059844,0.004747
713,3580,1,0.095213,0.012025,0.060547,0.004611
714,3585,1,0.098563,0.012796,0.061975,0.004831
715,3590,1,0.114582,0.015695,0.065949,0.005047
716,3595,1,0.124178,0.018209,0.073265,0.00564
717,3600,1,0.125697,0.018926,0.075684,0.005877
718,3605,1,0.129361,0.01896,0.07595,0.00602
719,3610,1,0.124983,0.018603,0.07183,0.005818
720,3615,1,0.125665,0.019269,0.070687,0.005543
721,3620,1,0.137731,0.022624,0.074586,0.005993
722,3625,1,0.153933,0.025061,0.077813,0.006176
723,3630,1,0.159672,0.025645,0.080887,0.006533
724,3635,1,0.165264,0.027043,0.087757,0.006773
725,3640,1,0.179043,0.0295,0.099738,0.007691
726,3645,1,0.167201,0.026526,0.090058,0.007154
727,3650,1,0.156709,0.023466,0.082235,0.006687
728,3655,1,0.157912,0.026131,0.085292,0.006633
729,3660,1,0.177861,0.029829,0.099706,0.007436
730,3665,1,0.172097,0.0295,0.0933,0.007347
731,3670,1,0.188268,0.034552,0.098595,0.007929
732,3675,1,0.211507,0.040519,0.11731,0.009402
733,3680,1,0.200665,0.03987,0.106048,0.008517
734,3685,1,0.196479,0.0363,0.106829,0.008476
735,3690,1,0.200043,0.0388,0.108244,0.008699
736,3695,1,0.209038,0.040912,0.117213,0.009755
737,3700,1,0.197822,0.038381,0.110633,0.009418
738,3705,1,0.192158,0.035196,0.112331,0.00926
739,3710,1,0.188038,0.03366,0.11424,0.009285
740,3715,1,0.195429,0.037177,0.113508,0.009346
741,3720,1,0.204534,0.036875,0.118997,0.009566
742,3725,1,0.217862,0.039929,0.130801,0.009647
743,3730,1,0.20702,0.036816,0.121372,0.008896
744,3735,1,0.224841,0.041596,0.129455,0.009455
745,3740,1,0.25049,0.048603,0.156335,0.010878
746,3745,1,0.230954,0.041402,0.136764,0.009162
747,3750,1,0.22135,0.039766,0.131987,0.00899
748,3755,1,0.202154,0.03344,0.116718,0.007417
749,3760,1,0.219328,0.036168,0.132752,0.008222
750,3765,1,0.205269,0.03317,0.122817,0.007848
751,3770,1,0.186268,0.027284,0.112653,0.007408
752,3775,1,0.219792,0.036467,0.131003,0.008417
753,3780,1,0.206443,0.033607,0.114708,0.00766
754,3785,1,0.209956,0.035417,0.114308,0.007964
755,3790,1,0.189263,0.031153,0.099142,0.006455
756,3795,1,0.188669,0.031942,0.094037,0.006308
757,3800,1,0.195162,0.033349,0.097721,0.006329
758,3805,1,0.155981,0.023749,0.082603,0.00521
759,3810,1,0.164695,0.026315,0.085989,0.00538
760,3815,1,0.177456,0.029104,0.091869,0.005813
761,3820,1,0.174032,0.028123,0.086874,0.005643
762,3825,1,0.16166,0.023411,0.084994,0.004955
763,3830,1,0.167476,0.024639,0.083797,0.005246
764,3835,1,0.176984,0.026764,0.087886,0.005448
765,3840,1,0.1539,0.022287,0.073254,0.004701
766,3845,1,0.158057,0.025505,0.074196,0.004932
767,3850,1,0.165602,0.026984,0.079728,0.005203
768,3855,1,0.158416,0.025913,0.074383,0.005002
769,3860,1,0.14344,0.024085,0.070506,0.004784
770,3865,1,0.149909,0.025353,0.076787,0.00528
771,3870,1,0.147689,0.024781,0.075546,0.005147
772,3875,1,0.128187,0.017802,0.071439,0.004719
773,3880,1,0.13787,0.020807,0.075301,0.005267
774,3885,1,0.13259,0.02097,0.072301,0.004992
775,3890,1,0.122945,0.017579,0.068356,0.004658
776,3895,1,0.119139,0.016718,0.067923,0.004499
777,3900,1,0.126869,0.01747,0.072938,0.004801
778,3905,1,0.12275,0.016321,0.066969,0.004499
779,3910,1,0.116435,0.015499,0.0652,0.004297
780,3915,1,0.125085,0.016406,0.073161,0.004565
781,3920,1,0.135666,0.017528,0.077271,0.004737
782,3925,1,0.1306,0.016043,0.07128,0.004355
783,3930,1,0.145641,0.020275,0.077232,0.004836
784,3935,1,0.147819,0.021528,0.080327,0.00496
785,3940,1,0.14409,0.019517,0.077629,0.004629
786,3945,1,0.148381,0.020197,0.079891,0.004871
787,3950,1,0.142656,0.02001,0.075584,0.00479
788,3955,1,0.141764,0.019278,0.079851,0.00482
789,3960,1,0.130697,0.015836,0.073423,0.004502
790,3965,1,0.133006,0.015822,0.074668,0.004632
791,3970,1,0.131044,0.01443,0.075478,0.004907
792,3975,1,0.116686,0.013228,0.068925,0.004502
793,3980,1,0.132616,0.017246,0.073133,0.004682
794,3985,1,0.142072,0.019389,0.075654,0.005059
795,3990,1,0.151281,0.021446,0.07978,0.00521
796,3995,1,0.160583,0.023677,0.084549,0.005341
797,4000,1,0.157279,0.023852,0.079496,0.004848
798,4005,1,0.169131,0.025497,0.086446,0.005443
799,4010,1,0.155008,0.0215,0.084482,0.005479
800,4015,1,0.145405,0.020235,0.0779,0.005111
801,4020,1,0.13026,0.017163,0.071418,0.004509
802,4025,1,0.121066,0.016558,0.068575,0.004428
803,4030,1,0.138092,0.021333,0.072996,0.004864
804,4035,1,0.127266,0.01935,0.071485,0.004494
805,4040,1,0.124704,0.017759,0.0667,0.004083
806,4045,1,0.129741,0.019091,0.068094,0.004146
807,4050,1,0.131036,0.019157,0.070431,0.004257
808,4055,1,0.123664,0.016443,0.066945,0.004146
809,4060,1,0.115107,0.015504,0.065775,0.004146
810,4065,1,0.114617,0.015629,0.063865,0.004416
811,4070,1,0.114813,0.015528,0.065635,0.004478
812,4075,1,0.104172,0.01301,0.061906,0.004206
813,4080,1,0.12233,0.017991,0.065456,0.004602
814,4085,1,0.122068,0.01839,0.065046,0.004485
815,4090,1,0.113856,0.015007,0.062501,0.004384
816,4095,1,0.124475,0.01813,0.063541,0.004251
817,4100,1,0.126171,0.018666,0.065099,0.004384
818,4105,1,0.133313,0.019377,0.069837,0.004515
819,4110,1,0.127853,0.017696,0.067723,0.004292
820,4115,1,0.135493,0.021188,0.069122,0.004526
821,4120,1,0.137081,0.020742,0.071663,0.00428
822,4125,1,0.128523,0.01778,0.070997,0.004057
823,4130,1,0.136897,0.018806,0.074656,0.004074
824,4135,1,0.129574,0.018435,0.070997,0.004057
825,4140,1,0.120074,0.016104,0.069715,0.004011
826,4145,1,0.118808,0.01416,0.071105,0.00408
827,4150,1,0.119327,0.014001,0.07104,0.004273
828,4155,1,0.116816,0.014717,0.071147,0.004053
829,4160,1,0.10902,0.013782,0.069742,0.004011
830,4165,1,0.110746,0.01413,0.069714,0.00406
831,4170,1,0.110698,0.014867,0.068208,0.003856
832,4175,1,0.10915,0.014342,0.068829,0.003904
833,4180,1,0.113521,0.016109,0.069943,0.004218
834,4185,1,0.13117,0.020008,0.075144,0.004446
835,4190,1,0.143199,0.024793,0.078858,0.004703
836,4195,1,0.150867,0.025877,0.083983,0.005021
837,4200,1,0.148913,0.024608,0.083983,0.005005
838,4205,1,0.188291,0.037391,0.096711,0.005808
839,4210,1,0.192585,0.037998,0.087589,0.005542
840,4215,1,0.179509,0.034376,0.083497,0.005428
841,4220,1,0.183072,0.032871,0.084004,0.005331
842,4225,1,0.180529,0.031844,0.082276,0.005229
843,4230,1,0.181935,0.032662,0.084313,0.005704
844,4235,1,0.162098,0.026166,0.073678,0.004957
845,4240,1,0.163159,0.028397,0.075434,0.004838
846,4245,1,0.16487,0.027547,0.078951,0.005184
847,4250,1,0.152064,0.024861,0.073133,0.004956
848,4255,1,0.173751,0.033103,0.080849,0.005506
849,4260,1,0.17611,0.032323,0.081363,0.005347
850,4265,1,0.161557,0.026395,0.07924,0.00503
851,4270,1,0.165157,0.026663,0.084647,0.005347
852,4275,1,0.175586,0.032402,0.084204,0.005381
853,4280,1,0.181705,0.035006,0.087073,0.005385
854,4285,1,0.170548,0.033079,0.082745,0.005123
855,4290,1,0.181911,0.037584,0.086111,0.005712
856,4295,1,0.185432,0.038729,0.085721,0.005762
857,4300,1,0.178891,0.038682,0.078393,0.005736
858,4305,1,0.168815,0.034853,0.079447,0.005943
859,4310,1,0.166918,0.033004,0.075892,0.006053
860,4315,1,0.158488,0.028432,0.072889,0.005716
861,4320,1,0.173917,0.03126,0.076228,0.00612
862,4325,1,0.176804,0.031621,0.081753,0.0062
863,4330,1,0.176723,0.030113,0.084938,0.006148
864,4335,1,0.194822,0.034671,0.088351,0.006257
865,4340,1,0.204223,0.037431,0.095529,0.006383
866,4345,1,0.206098,0.037766,0.097452,0.006481
867,4350,1,0.181927,0.031903,0.087224,0.005815
868,4355,1,0.189398,0.033226,0.088961,0.006259
869,4360,1,0.183764,0.031215,0.08657,0.005964
870,4365,1,0.175859,0.02748,0.083275,0.005498
871,4370,1,0.171885,0.025553,0.082009,0.005307
872,4375,1,0.16725,0.024531,0.082765,0.005625
873,4380,1,0.159565,0.022818,0.080755,0.005544
874,4385,1,0.162685,0.026127,0.081205,0.005524
875,4390,1,0.165784,0.026002,0.083672,0.005628
876,4395,1,0.152627,0.024369,0.080732,0.005408
877,4400,1,0.147458,0.02406,0.079465,0.005317
878,4405,1,0.147448,0.023903,0.077536,0.005311
879,4410,1,0.155007,0.025154,0.080443,0.00527
880,4415,1,0.140237,0.019664,0.078182,0.004861
881,4420,1,0.13912,0.01975,0.077235,0.004873
882,4425,1,0.142136,0.018748,0.082197,0.005036
883,4430,1,0.137511,0.018072,0.076562,0.004943
884,4435,1,0.135017,0.01708,0.076562,0.004861
885,4440,1,0.124838,0.015588,0.073702,0.004872
886,4445,1,0.121932,0.015387,0.070575,0.004927
887,4450,1,0.116039,0.013972,0.068078,0.004799
888,4455,1,0.11588,0.0175,0.066704,0.004555
889,4460,1,0.120125,0.01792,0.067669,0.00457
890,4465,1,0.12233,0.018362,0.06901,0.004422
891,4470,1,0.126461,0.019332,0.06982,0.004326
892,4475,1,0.134103,0.021689,0.074703,0.004592
893,4480,1,0.139037,0.022472,0.07539,0.004522
894,4485,1,0.141786,0.020389,0.077018,0.004821
895,4490,1,0.1498,0.023447,0.078244,0.004799
896,4495,1,0.147772,0.022608,0.078747,0.004983
897,4500,1,0.14992,0.02464,0.077044,0.005086
898,4505,1,0.142243,0.021967,0.073872,0.004619
899,4510,1,0.144698,0.024638,0.075891,0.004854
900,4515,1,0.150348,0.027271,0.078228,0.005036
901,4520,1,0.136002,0.022462,0.074713,0.005182
902,4525,1,0.137983,0.024293,0.075008,0.005331
903,4530,1,0.138574,0.023204,0.076607,0.005117
904,4535,1,0.142263,0.024112,0.077638,0.005235
905,4540,1,0.141753,0.023419,0.074944,0.005143
906,4545,1,0.131207,0.020232,0.070286,0.004961
907,4550,1,0.131693,0.020628,0.06959,0.004841
908,4555,1,0.133013,0.018724,0.06834,0.004692
909,4560,1,0.137622,0.019378,0.0728,0.005136
910,4565,1,0.134994,0.019599,0.073177,0.00522
911,4570,1,0.129166,0.018335,0.074801,0.005011
912,4575,1,1.198357,0.93671,0.097069,0.006538
913,4580,1,2.285385,1.904974,0.140688,0.009547
914,4585,1,2.293585,1.90837,0.148336,0.009857
915,4590,1,2.293942,1.908407,0.141906,0.010663
916,4595,1,2.292954,1.907713,0.138399,0.010553
917,4600,1,2.298328,1.908863,0.13979,0.011171
918,4605,1,1.142729,0.907493,0.096761,0.007108
919,4610,1,0.152343,0.025397,0.081414,0.005565
920,4615,1,0.151671,0.024896,0.081439,0.005546
921,4620,1,0.141945,0.023043,0.075222,0.004867
922,4625,1,0.142688,0.024054,0.074307,0.004914
923,4630,1,0.140255,0.023404,0.071398,0.004828
924,4635,1,0.140723,0.023663,0.070815,0.004659
925,4640,1,0.135789,0.021598,0.070728,0.004573
926,4645,1,0.12661,0.018551,0.068427,0.0043
927,4650,1,0.138315,0.022652,0.072186,0.004654
928,4655,1,0.134162,0.021221,0.071718,0.004601
929,4660,1,0.151357,0.025026,0.076794,0.00494
930,4665,1,0.160785,0.026407,0.081372,0.005331
931,4670,1,0.150248,0.024649,0.074308,0.00515
932,4675,1,0.15776,0.027683,0.075378,0.005331
933,4680,1,0.152962,0.026525,0.075345,0.005248
934,4685,1,0.161043,0.028599,0.080071,0.005369
935,4690,1,0.151294,0.026533,0.081382,0.005243
936,4695,1,0.144402,0.025171,0.076371,0.005158
937,4700,1,0.160313,0.030684,0.079731,0.005217
938,4705,1,0.14976,0.026858,0.076436,0.004755
939,4710,1,0.147527,0.026708,0.076371,0.005012
940,4715,1,0.16171,0.032974,0.077342,0.005209
941,4720,1,0.148966,0.029435,0.072767,0.004854
942,4725,1,0.152567,0.030887,0.074639,0.005012
943,4730,1,0.146743,0.027555,0.075774,0.005279
944,4735,1,0.146897,0.02824,0.077193,0.005355
945,4740,1,0.14196,0.025731,0.07535,0.005056
946,4745,1,0.137426,0.02309,0.07535,0.005018
947,4750,1,0.147094,0.027478,0.076624,0.005266
948,4755,1,0.137433,0.025988,0.072138,0.00501
949,4760,1,0.135412,0.02478,0.072598,0.004809
950,4765,1,0.143772,0.027994,0.072142,0.004842
951,4770,1,0.139823,0.027216,0.071244,0.004628
952,4775,1,0.134196,0.024744,0.071468,0.004614
953,4780,1,0.144282,0.023787,0.072232,0.004621
954,4785,1,0.163992,0.029005,0.075223,0.004823
955,4790,1,0.160958,0.027708,0.0741,0.004728
956,4795,1,0.157195,0.024812,0.077375,0.004839
957,4800,1,0.162549,0.026236,0.08115,0.005098
958,4805,1,0.152376,0.02353,0.073497,0.004941
959,4810,1,0.140559,0.019626,0.074068,0.004879
960,4815,1,0.143003,0.020544,0.076722,0.005029
961,4820,1,0.151473,0.025081,0.080911,0.005471
962,4825,1,0.156194,0.025588,0.081244,0.005835
963,4830,1,0.150652,0.025027,0.077979,0.00508
964,4835,1,0.168362,0.029269,0.084993,0.005586
965,4840,1,0.162706,0.02871,0.084035,0.005336
966,4845,1,0.154669,0.026659,0.081768,0.005169
967,4850,1,0.143014,0.021454,0.077598,0.004859
968,4855,1,0.144213,0.023095,0.076094,0.004875
969,4860,1,0.155619,0.026507,0.07869,0.005395
970,4865,1,0.146285,0.024225,0.076828,0.005106
971,4870,1,0.14129,0.02313,0.072595,0.004989
972,4875,1,0.135144,0.021168,0.069422,0.004728
973,4880,1,0.135624,0.021942,0.069802,0.004857
974,4885,1,0.133027,0.020672,0.070152,0.004844
975,4890,1,0.128393,0.017429,0.072908,0.004659
976,4895,1,0.131376,0.016784,0.073978,0.004415
977,4900,1,0.14583,0.020604,0.077551,0.004782
978,4905,1,0.152997,0.021884,0.081623,0.005061
979,4910,1,0.157758,0.023545,0.082223,0.005076
980,4915,1,0.158091,0.022486,0.081778,0.00509
981,4920,1,0.14727,0.020674,0.075012,0.004574
982,4925,1,0.147025,0.022916,0.072064,0.005056
983,4930,1,0.135389,0.020394,0.069787,0.00494
984,4935,1,0.137139,0.020609,0.071885,0.005032
985,4940,1,0.136922,0.019612,0.073339,0.005178
986,4945,1,0.140051,0.021218,0.074405,0.005001
987,4950,1,0.147745,0.021975,0.074471,0.005105
988,4955,1,0.139167,0.019328,0.073144,0.004869
989,4960,1,0.146042,0.019704,0.073976,0.004646
990,4965,1,0.148397,0.020858,0.074405,0.004739
991,4970,1,0.147114,0.021156,0.073846,0.004801
992,4975,1,0.1385,0.019931,0.072907,0.004777
993,4980,1,0.136957,0.019794,0.073161,0.004801
994,4985,1,0.141553,0.020122,0.077028,0.005086
995,4990,1,0.136808,0.019124,0.078589,0.005115
996,4995,1,0.133047,0.018236,0.075268,0.004893
997,5000,1,0.134537,0.019631,0.075001,0.004902
998,5005,1,0.134627,0.018537,0.075767,0.005201
999,5010,1,0.145832,0.021136,0.077662,0.005419
1000,5015,1,0.150647,0.022044,0.078741,0.005788
1001,5020,1,0.143915,0.021396,0.073726,0.005572
1002,5025,1,0.149081,0.020681,0.075694,0.0055
1003,5030,1,0.140951,0.017888,0.071215,0.005339
1004,5035,1,0.142109,0.018205,0.071455,0.004993
1005,5040,1,0.133686,0.016625,0.07357,0.004893
1006,5045,1,0.135891,0.017373,0.074838,0.004749
1007,5050,1,0.142906,0.017745,0.079365,0.004732
1008,5055,1,0.132445,0.017173,0.076629,0.004495
1009,5060,1,0.13981,0.018049,0.079341,0.004611
1010,5065,1,0.140705,0.018076,0.079678,0.00475
1011,5070,1,0.13175,0.016255,0.076072,0.004511
1012,5075,1,0.125838,0.014744,0.075535,0.004521
1013,5080,1,0.130905,0.014739,0.075754,0.004496
1014,5085,1,0.136461,0.016139,0.078623,0.004477
1015,5090,1,0.132593,0.014436,0.078171,0.004269
1016,5095,1,0.139443,0.016985,0.077467,0.004294
1017,5100,1,0.142335,0.017288,0.0783,0.004617
1018,5105,1,0.136886,0.016924,0.075444,0.004323
1019,5110,1,0.131331,0.017901,0.0742,0.00418
1020,5115,1,0.142775,0.021099,0.077304,0.004484
1021,5120,1,0.135898,0.020746,0.07392,0.004453
1022,5125,1,0.134017,0.019156,0.077125,0.004501
1023,5130,1,0.135696,0.018262,0.077821,0.004202
1024,5135,1,0.141119,0.020084,0.078039,0.004484
1025,5140,1,0.136677,0.018893,0.075653,0.004579
1026,5145,1,0.126586,0.016922,0.071586,0.004432
1027,5150,1,0.13381,0.019517,0.073321,0.004448
1028,5155,1,0.122737,0.018424,0.066485,0.004193
1029,5160,1,0.120855,0.019452,0.06506,0.004323
1030,5165,1,0.131087,0.020906,0.06841,0.00445
1031,5170,1,0.119461,0.019055,0.067085,0.004115
1032,5175,1,0.127394,0.01917,0.069827,0.004409
1033,5180,1,0.126405,0.016991,0.069966,0.004419
1034,5185,1,0.132191,0.017902,0.072284,0.004563
1035,5190,1,0.133435,0.01755,0.072443,0.004572
1036,5195,1,0.123169,0.015663,0.067206,0.004372
1037,5200,1,0.138751,0.020729,0.07292,0.004716
1038,5205,1,0.127598,0.018464,0.066734,0.004264
1039,5210,1,0.134243,0.020021,0.068788,0.004361
1040,5215,1,0.140565,0.020625,0.070713,0.004272
1041,5220,1,0.138084,0.019815,0.070202,0.004188
1042,5225,1,0.137628,0.018654,0.071168,0.004235
1043,5230,1,0.134665,0.017315,0.069623,0.004186
1044,5235,1,0.146694,0.019659,0.073241,0.004586
1045,5240,1,0.136913,0.018787,0.068416,0.004418
1046,5245,1,0.136016,0.019926,0.072373,0.00451
1047,5250,1,0.134977,0.020365,0.074356,0.004794
1048,5255,1,0.131945,0.020578,0.072365,0.004715
1049,5260,1,0.126019,0.01809,0.074664,0.004715
1050,5265,1,0.130845,0.020296,0.075366,0.004889
1051,5270,1,0.131095,0.020398,0.074219,0.004807
1052,5275,1,0.132113,0.020103,0.072618,0.004906
1053,5280,1,0.135929,0.020512,0.072396,0.00467
1054,5285,1,0.145685,0.02213,0.075188,0.004875
1055,5290,1,0.138399,0.020447,0.072528,0.004837
1056,5295,1,0.147145,0.020839,0.075629,0.004837
1057,5300,1,0.14445,0.019337,0.075223,0.004858
1058,5305,1,0.133069,0.016591,0.072111,0.004403
1059,5310,1,0.136467,0.016437,0.073633,0.004463
1060,5315,1,0.132631,0.017047,0.071718,0.004463
1061,5320,1,0.129082,0.016255,0.067962,0.004214
1062,5325,1,0.118501,0.014499,0.065539,0.003977
1063,5330,1,0.126963,0.016179,0.066239,0.003998
1064,5335,1,0.132362,0.018256,0.066643,0.004153
1065,5340,1,0.116886,0.016581,0.061721,0.003963
1066,5345,1,0.119166,0.015937,0.061921,0.003995
1067,5350,1,0.12899,0.018007,0.066726,0.00433
1068,5355,1,0.121814,0.01684,0.064841,0.004479
1069,5360,1,0.123248,0.017456,0.06915,0.004681
1070,5365,1,0.123891,0.017469,0.070754,0.004738
1071,5370,1,0.128033,0.017502,0.074837,0.004732
1072,5375,1,0.12359,0.016777,0.07452,0.004681
1073,5380,1,0.120885,0.015135,0.071275,0.004776
1074,5385,1,0.128454,0.015484,0.071177,0.004637
