window_index,center_time_sec,mse_AE1D_mean_smooth,mse_AE2D_mean_smooth,score_z_smooth,topo_sum_AE2D_smooth
0,15,0.11137,0.01468,-0.46412,26.4827
1,20,0.11206,0.01482,-0.44632,26.34035
2,25,0.11286,0.01509,-0.42745,26.16855
3,30,0.11318,0.0153,-0.40539,25.9673
4,35,0.11374,0.01539,-0.38087,25.73659
5,40,0.11415,0.01547,-0.35563,25.58995
6,45,0.11364,0.01551,-0.31616,25.55562
7,50,0.11295,0.01552,-0.28647,25.63358
8,55,0.11298,0.01545,-0.26087,25.82385
9,60,0.11218,0.01535,-0.22398,26.02837
10,65,0.1115,0.01552,-0.18706,26.24837
11,70,0.11057,0.0154,-0.15699,26.48387
12,75,0.11081,0.01529,-0.15074,26.73485
13,80,0.11102,0.0153,-0.17332,26.9794
14,85,0.11105,0.01523,-0.22133,27.104
15,90,0.1117,0.01513,-0.33136,27.10865
16,95,0.11146,0.01486,-0.47788,26.99334
17,100,0.11072,0.01462,-0.64531,26.64324
18,105,0.11049,0.01449,-0.82522,26.15639
19,110,0.10956,0.01411,-0.97499,25.53279
20,115,0.10837,0.01395,-1.07127,24.77245
21,120,0.10705,0.01387,-1.08863,24.35403
22,125,0.10671,0.01385,-1.02526,24.29944
23,130,0.10767,0.01417,-0.88196,24.60868
24,135,0.10867,0.01457,-0.64187,25.28176
25,140,0.11044,0.01521,-0.33702,25.85928
26,145,0.11196,0.01577,-0.00303,26.45608
27,150,0.11357,0.01633,0.32254,27.07216
28,155,0.11466,0.01684,0.57285,27.70751
29,160,0.11539,0.01697,0.71304,28.32919
30,165,0.11595,0.01707,0.73817,28.45851
31,170,0.11546,0.01707,0.66076,28.09549
32,175,0.11397,0.01681,0.48005,27.24011
33,180,0.11249,0.01641,0.20857,26.11312
34,185,0.11097,0.01601,-0.09711,25.1739
35,190,0.10924,0.01564,-0.41096,24.42246
36,195,0.10706,0.01516,-0.6987,23.85879
37,200,0.10533,0.01477,-0.92206,23.43444
38,205,0.10507,0.01483,-1.06615,23.18236
39,210,0.10434,0.01491,-1.14374,23.10255
40,215,0.10397,0.01509,-1.17165,23.19502
41,220,0.10351,0.01528,-1.14505,23.4179
42,225,0.1029,0.01548,-1.06006,23.55045
43,230,0.1027,0.01562,-0.93585,23.59267
44,235,0.10302,0.01567,-0.77298,23.54457
45,240,0.10407,0.01572,-0.59273,23.64459
46,245,0.10555,0.01589,-0.41119,23.94122
47,250,0.10704,0.01617,-0.22871,24.43443
48,255,0.10827,0.01645,-0.05683,25.12424
49,260,0.10903,0.01672,0.11083,25.57618
50,265,0.10958,0.01691,0.26381,25.83211
51,270,0.11,0.01717,0.37662,25.89203
52,275,0.10945,0.01723,0.41588,25.75594
53,280,0.10924,0.01725,0.3666,25.64343
54,285,0.10887,0.0173,0.24637,25.31605
55,290,0.10884,0.01728,0.07271,24.7738
56,295,0.10875,0.01705,-0.15077,24.01667
57,300,0.10912,0.01685,-0.38723,22.97178
58,305,0.1096,0.01671,-0.61845,22.0736
59,310,0.10976,0.01659,-0.83818,21.32212
60,315,0.11043,0.0164,-1.03841,20.71734
61,320,0.1115,0.01628,-1.20765,20.52599
62,325,0.1118,0.01632,-1.33982,20.52847
63,330,0.11155,0.01626,-1.44236,20.72478
64,335,0.11086,0.01603,-1.50929,21.11492
65,340,0.11001,0.01569,-1.53292,21.48118
66,345,0.10894,0.01528,-1.51609,21.89644
67,350,0.10739,0.01486,-1.47277,22.36071
68,355,0.10696,0.01461,-1.39624,22.87398
69,360,0.10571,0.01438,-1.28307,23.61099
70,365,0.1051,0.01443,-1.13274,24.30504
71,370,0.10531,0.01454,-0.94889,24.95611
72,375,0.1062,0.0148,-0.73457,25.56421
73,380,0.10752,0.01526,-0.51349,25.80759
74,385,0.10834,0.01568,-0.30204,25.90395
75,390,0.10954,0.01608,-0.13421,25.8533
76,395,0.11125,0.01653,-0.02291,25.65563
77,400,0.11173,0.01677,0.0122,25.51051
78,405,0.11214,0.01695,-0.03388,25.24319
79,410,0.11196,0.01689,-0.14211,24.85366
80,415,0.1112,0.01672,-0.30186,24.34195
81,420,0.11046,0.01644,-0.5018,23.67386
82,425,0.1091,0.01598,-0.72169,23.17117
83,430,0.10793,0.01562,-0.94715,22.83387
84,435,0.10718,0.01525,-1.15315,22.66196
85,440,0.10646,0.01487,-1.3237,22.76219
86,445,0.10639,0.0146,-1.4351,22.935
87,450,0.10678,0.0144,-1.48174,23.18038
88,455,0.10744,0.01426,-1.4695,23.49834
89,460,0.1083,0.01418,-1.40557,23.87538
90,465,0.1087,0.01423,-1.30446,24.34566
91,470,0.10869,0.01424,-1.18255,24.90919
92,475,0.1084,0.01429,-1.05645,25.56596
93,480,0.10777,0.01435,-0.93258,26.1337
94,485,0.10642,0.01443,-0.82509,26.50567
95,490,0.10505,0.0145,-0.75297,26.68187
96,495,0.10315,0.01452,-0.70929,26.6623
97,500,0.10105,0.01458,-0.69758,26.5471
98,505,0.09905,0.01456,-0.71468,26.34977
99,510,0.09725,0.01445,-0.76159,26.07031
100,515,0.09661,0.01451,-0.82815,25.70872
101,520,0.09766,0.01465,-0.89682,25.26874
102,525,0.09856,0.01474,-0.9809,24.93267
103,530,0.10001,0.01467,-1.07281,24.70049
104,535,0.1016,0.01459,-1.15089,24.57221
105,540,0.10321,0.01461,-1.21792,24.48839
106,545,0.10428,0.01443,-1.27937,24.34889
107,550,0.10478,0.01428,-1.33543,24.1537
108,555,0.10607,0.01438,-1.37053,23.90284
109,560,0.10697,0.01457,-1.38382,23.62815
110,565,0.10654,0.01473,-1.39509,23.32587
111,570,0.10667,0.01491,-1.37735,22.99601
112,575,0.10686,0.01525,-1.31931,22.63856
113,580,0.10724,0.01559,-1.25041,22.4079
114,585,0.10725,0.01561,-1.18111,22.36347
115,590,0.10745,0.01576,-1.10892,22.50527
116,595,0.10845,0.01597,-1.03195,22.8333
117,600,0.10818,0.01593,-0.9644,23.17437
118,605,0.10771,0.01579,-0.9162,23.49662
119,610,0.10669,0.01565,-0.86666,23.80005
120,615,0.1058,0.01556,-0.83169,24.08466
121,620,0.10551,0.0154,-0.82969,24.35897
122,625,0.10507,0.01522,-0.83586,24.46863
123,630,0.10574,0.01528,-0.84133,24.41361
124,635,0.10743,0.01539,-0.84429,24.19393
125,640,0.10833,0.01539,-0.85148,23.93432
126,645,0.1098,0.01547,-0.85838,23.808
127,650,0.11098,0.01552,-0.85806,23.81495
128,655,0.11205,0.01551,-0.86021,23.95517
129,660,0.11161,0.01544,-0.86358,24.08872
130,665,0.1107,0.01537,-0.8537,24.20705
131,670,0.11011,0.01532,-0.85054,24.31017
132,675,0.10914,0.01525,-0.86581,24.39808
133,680,0.10769,0.01516,-0.90692,24.49999
134,685,0.10818,0.01524,-0.97087,24.49116
135,690,0.10875,0.0152,-1.05911,24.37158
136,695,0.10963,0.01509,-1.176,24.14125
137,700,0.11087,0.01495,-1.31894,23.75324
138,705,0.11246,0.01481,-1.47978,23.34753
139,710,0.11395,0.01464,-1.6672,22.9241
140,715,0.11402,0.01442,-1.86136,22.48296
141,720,0.11381,0.01422,-2.04354,22.03707
142,725,0.11269,0.01417,-2.19901,21.55721
143,730,0.11023,0.01409,-2.31859,21.04339
144,735,0.10787,0.01418,-2.39991,20.49561
145,740,0.10598,0.01437,-2.43071,20.07014
146,745,0.10433,0.0146,-2.41827,19.81392
147,750,0.10347,0.01487,-2.3708,19.72693
148,755,0.1029,0.01505,-2.28743,19.80919
149,760,0.10358,0.01531,-2.18297,19.99213
150,765,0.10408,0.01543,-2.06365,20.26281
151,770,0.10584,0.01547,-1.93726,20.62123
152,775,0.10767,0.01545,-1.81554,21.06738
153,780,0.109,0.01521,-1.7005,21.73809
154,785,0.10982,0.01499,-1.6073,22.47708
155,790,0.11032,0.01473,-1.52391,23.28434
156,795,0.11032,0.01439,-1.45876,24.15989
157,800,0.10918,0.01414,-1.41343,24.79229
158,805,0.1076,0.01389,-1.37982,25.25011
159,810,0.10654,0.01384,-1.37265,25.53333
160,815,0.10506,0.01373,-1.39625,25.64196
161,820,0.10353,0.01361,-1.44264,25.66069
162,825,0.10246,0.01367,-1.49171,25.45271
163,830,0.10192,0.01368,-1.53387,25.01802
164,835,0.10256,0.01374,-1.56737,24.35661
165,840,0.10324,0.01389,-1.57904,23.68157
166,845,0.10516,0.01417,-1.5677,23.30433
167,850,0.10673,0.01433,-1.5376,23.22488
168,855,0.10799,0.01446,-1.48587,23.44323
169,860,0.1088,0.01465,-1.4077,23.65369
170,865,0.1085,0.01486,-1.31997,23.77154
171,870,0.10882,0.0151,-1.26498,23.79679
172,875,0.1084,0.01525,-1.24541,23.72945
173,880,0.10739,0.01546,-1.27292,23.58884
174,885,0.10687,0.01563,-1.34092,23.16187
175,890,0.10529,0.01556,-1.4367,22.44854
176,895,0.10469,0.01565,-1.54863,21.44885
177,900,0.10436,0.01569,-1.64346,20.44828
178,905,0.10451,0.01572,-1.72159,19.75252
179,910,0.10577,0.01576,-1.75716,19.36156
180,915,0.10588,0.0158,-1.70858,19.27541
181,920,0.10662,0.01601,-1.58242,19.60233
182,925,0.10691,0.01601,-1.3939,20.32298
183,930,0.10636,0.01601,-1.16933,21.43737
184,935,0.10627,0.01608,-0.92864,22.9455
185,940,0.10595,0.01609,-0.69238,24.36995
186,945,0.10553,0.016,-0.50161,25.42523
187,950,0.10559,0.01585,-0.3544,26.11135
188,955,0.10532,0.01576,-0.26694,26.42832
189,960,0.10495,0.01557,-0.25188,26.59995
190,965,0.10414,0.01527,-0.29901,26.518
191,970,0.10397,0.01514,-0.37038,26.18245
192,975,0.10493,0.01512,-0.43893,25.5933
193,980,0.10618,0.01532,-0.50144,24.73991
194,985,0.10742,0.01547,-0.55206,24.09968
195,990,0.10925,0.01581,-0.58235,23.67263
196,995,0.11076,0.01621,-0.59804,23.45875
197,1000,0.11157,0.01643,-0.59876,23.39898
198,1005,0.11239,0.01661,-0.59973,23.26949
199,1010,0.11286,0.0167,-0.59882,23.07028
200,1015,0.11256,0.01678,-0.60798,22.80136
201,1020,0.11153,0.01681,-0.64239,22.5499
202,1025,0.11068,0.01666,-0.67932,22.32657
203,1030,0.10992,0.01659,-0.7144,22.13136
204,1035,0.10956,0.01662,-0.73223,21.96428
205,1040,0.10916,0.01656,-0.72401,21.82432
206,1045,0.11066,0.01673,-0.69145,21.77055
207,1050,0.11269,0.01685,-0.62271,21.80297
208,1055,0.11504,0.01705,-0.5329,21.92157
209,1060,0.11756,0.01725,-0.44576,22.21426
210,1065,0.11892,0.01732,-0.35576,22.59384
211,1070,0.11935,0.01738,-0.28807,23.06032
212,1075,0.11867,0.01723,-0.23629,23.6137
213,1080,0.11678,0.01689,-0.2098,24.03625
214,1085,0.11479,0.01664,-0.21536,24.32896
215,1090,0.11154,0.01632,-0.24009,24.49184
216,1095,0.10874,0.01618,-0.2884,24.52489
217,1100,0.10618,0.01596,-0.3475,24.64864
218,1105,0.10359,0.01572,-0.40563,24.7752
219,1110,0.10184,0.01562,-0.46154,24.90458
220,1115,0.10041,0.01547,-0.5103,25.03676
221,1120,0.1002,0.01549,-0.56904,24.98614
222,1125,0.09979,0.01541,-0.62941,24.97046
223,1130,0.10006,0.01534,-0.70638,24.9897
224,1135,0.10084,0.01521,-0.81067,25.04388
225,1140,0.10154,0.01488,-0.9372,25.11881
226,1145,0.10319,0.01477,-1.08027,24.99394
227,1150,0.10495,0.01451,-1.22211,24.66929
228,1155,0.10768,0.01433,-1.37311,24.14484
229,1160,0.11089,0.01426,-1.5109,23.48978
230,1165,0.1138,0.01431,-1.61054,22.88971
231,1170,0.11674,0.01455,-1.67554,22.34465
232,1175,0.11794,0.01462,-1.6711,21.85458
233,1180,0.11867,0.01477,-1.60487,21.78956
234,1185,0.11874,0.0149,-1.47771,22.16379
235,1190,0.11702,0.01483,-1.31059,22.97725
236,1195,0.11543,0.01483,-1.10814,24.22995
237,1200,0.11275,0.01468,-0.85463,25.464
238,1205,0.11008,0.0146,-0.57773,26.61021
239,1210,0.10869,0.01438,-0.29223,27.66858
240,1215,0.10757,0.01434,-0.01302,28.63911
241,1220,0.10753,0.01445,0.24154,29.58928
242,1225,0.10805,0.01463,0.48499,30.14901
243,1230,0.10936,0.01502,0.71893,30.31832
244,1235,0.1111,0.01543,0.95715,30.09719
245,1240,0.11221,0.01602,1.18061,29.57729
246,1245,0.11406,0.01658,1.37394,29.21652
247,1250,0.11576,0.0171,1.54115,29.01486
248,1255,0.11617,0.01757,1.66813,28.97232
249,1260,0.11724,0.01792,1.76546,28.82414
250,1265,0.11829,0.01824,1.82642,28.50283
251,1270,0.11845,0.01859,1.84466,28.0084
252,1275,0.11856,0.01878,1.80473,27.34085
253,1280,0.11877,0.01893,1.69486,26.73064
254,1285,0.11928,0.01898,1.53121,26.08609
255,1290,0.119,0.01902,1.32673,25.40721
256,1295,0.11814,0.01887,1.08527,24.69401
257,1300,0.11731,0.01858,0.84012,23.95449
258,1305,0.11565,0.01824,0.60492,23.45342
259,1310,0.11365,0.01786,0.38924,23.19082
260,1315,0.11236,0.01733,0.20771,23.16667
261,1320,0.11047,0.01693,0.07602,23.44518
262,1325,0.1097,0.0167,0.00641,23.7959
263,1330,0.10893,0.01648,-0.01457,24.21884
264,1335,0.10838,0.01642,-0.0003,24.71399
265,1340,0.10892,0.01647,0.04472,25.10441
266,1345,0.10923,0.01663,0.09046,25.38208
267,1350,0.11024,0.01672,0.11863,25.54701
268,1355,0.11097,0.01674,0.12337,25.59919
269,1360,0.11122,0.01669,0.08046,25.62084
270,1365,0.11102,0.0165,-0.00762,25.54775
271,1370,0.10972,0.01628,-0.13614,25.37991
272,1375,0.10836,0.01605,-0.29536,25.11734
273,1380,0.10687,0.01568,-0.46789,24.76799
274,1385,0.10526,0.01535,-0.63731,24.50882
275,1390,0.10421,0.0151,-0.78496,24.33982
276,1395,0.10307,0.01482,-0.89965,24.261
277,1400,0.10238,0.01463,-0.96818,24.30462
278,1405,0.10144,0.0146,-0.96601,24.3885
279,1410,0.1017,0.01465,-0.90385,24.51263
280,1415,0.10218,0.01478,-0.79215,24.677
281,1420,0.10345,0.01505,-0.63464,24.89689
282,1425,0.10616,0.0155,-0.4485,25.16433
283,1430,0.1082,0.01583,-0.26787,25.47931
284,1435,0.11033,0.0161,-0.11621,25.84183
285,1440,0.11208,0.01644,0.00042,25.98335
286,1445,0.11345,0.01681,0.05973,25.87157
287,1450,0.11463,0.01694,0.04044,25.50652
288,1455,0.11454,0.01694,-0.0493,24.88818
289,1460,0.11483,0.01693,-0.18655,24.27893
290,1465,0.11375,0.01672,-0.36409,23.66353
291,1470,0.11109,0.01637,-0.56315,23.04197
292,1475,0.10853,0.01608,-0.72999,22.41424
293,1480,0.10612,0.01611,-0.82207,21.78705
294,1485,0.10378,0.01608,-0.8444,21.42896
295,1490,0.1021,0.01608,-0.78735,21.33996
296,1495,0.10231,0.01643,-0.64034,21.52005
297,1500,0.10404,0.01705,-0.42238,22.00196
298,1505,0.10567,0.01754,-0.18448,22.5233
299,1510,0.10784,0.01798,0.05782,23.08406
300,1515,0.11066,0.01843,0.27561,23.68425
301,1520,0.11293,0.01874,0.42849,24.06559
302,1525,0.11421,0.01866,0.48489,24.22136
303,1530,0.11544,0.01854,0.45825,24.15158
304,1535,0.11626,0.01825,0.3591,23.85623
305,1540,0.11674,0.01779,0.1838,23.58357
306,1545,0.11615,0.01724,-0.04079,23.30086
307,1550,0.11538,0.01683,-0.27151,23.00811
308,1555,0.11471,0.01656,-0.49095,22.70532
309,1560,0.11382,0.01636,-0.67371,22.23913
310,1565,0.11336,0.01627,-0.80844,21.86782
311,1570,0.11254,0.01634,-0.89902,21.59139
312,1575,0.11161,0.01647,-0.95601,21.40985
313,1580,0.11099,0.01657,-0.99788,21.50013
314,1585,0.10976,0.01668,-1.01605,21.614
315,1590,0.10886,0.01662,-1.01743,21.75146
316,1595,0.10836,0.01651,-1.02114,21.91249
317,1600,0.10822,0.01631,-1.02038,21.93439
318,1605,0.10823,0.01621,-1.01367,21.97051
319,1610,0.10838,0.01617,-1.00246,22.02086
320,1615,0.10883,0.016,-0.97534,22.08543
321,1620,0.10914,0.01595,-0.94744,22.34763
322,1625,0.10997,0.01604,-0.9055,22.63054
323,1630,0.10999,0.01612,-0.8748,22.93415
324,1635,0.11063,0.01622,-0.86487,23.25847
325,1640,0.11037,0.01619,-0.85549,23.29698
326,1645,0.10994,0.01628,-0.86293,23.21242
327,1650,0.10935,0.01613,-0.88978,23.00479
328,1655,0.10866,0.01596,-0.92998,22.67408
329,1660,0.10901,0.01583,-0.98879,22.67487
330,1665,0.10908,0.01556,-1.04943,22.82372
331,1670,0.10864,0.01533,-1.11898,23.12064
332,1675,0.10958,0.01511,-1.16795,23.56564
333,1680,0.11016,0.01501,-1.18526,23.70009
334,1685,0.10999,0.01489,-1.18632,23.83051
335,1690,0.10943,0.01472,-1.16894,23.95688
336,1695,0.10953,0.01472,-1.14634,24.07921
337,1700,0.10983,0.01465,-1.13325,24.5063
338,1705,0.10887,0.01462,-1.13076,24.78361
339,1710,0.10919,0.01468,-1.12335,24.91112
340,1715,0.11013,0.0147,-1.09264,24.88884
341,1720,0.11014,0.01475,-1.05517,24.57678
342,1725,0.10945,0.01464,-1.01884,24.43355
343,1730,0.1098,0.01466,-0.98191,24.45915
344,1735,0.11066,0.01483,-0.9458,24.65359
345,1740,0.10969,0.01482,-0.91077,25.01018
346,1745,0.10861,0.01485,-0.87615,25.22011
347,1750,0.10798,0.01495,-0.81865,25.28339
348,1755,0.10645,0.01511,-0.75557,25.20001
349,1760,0.10422,0.01522,-0.71499,25.00161
350,1765,0.10277,0.01518,-0.68721,24.82818
351,1770,0.10241,0.01544,-0.6695,24.67972
352,1775,0.10216,0.01565,-0.66987,24.55622
353,1780,0.10177,0.01566,-0.69354,24.36697
354,1785,0.10319,0.01577,-0.71374,24.11863
355,1790,0.10463,0.01593,-0.705,23.81121
356,1795,0.10526,0.01598,-0.68794,23.44471
357,1800,0.10526,0.01578,-0.66683,23.31763
358,1805,0.1059,0.01579,-0.62099,23.39833
359,1810,0.10689,0.01597,-0.55577,23.68681
360,1815,0.10656,0.016,-0.48338,24.18307
361,1820,0.10664,0.01599,-0.39741,24.55815
362,1825,0.10715,0.01611,-0.28191,24.90277
363,1830,0.10735,0.01623,-0.1687,25.21694
364,1835,0.10737,0.01617,-0.09041,25.50065
365,1840,0.10865,0.01602,-0.0526,25.89438
366,1845,0.11132,0.01612,-0.03936,26.09962
367,1850,0.11374,0.01612,-0.0516,26.11637
368,1855,0.11517,0.01599,-0.0819,25.94463
369,1860,0.11713,0.01583,-0.11604,25.5931
370,1865,0.11818,0.01574,-0.14512,25.39076
371,1870,0.11777,0.01567,-0.1841,25.33758
372,1875,0.11687,0.01561,-0.23231,25.43358
373,1880,0.11513,0.01561,-0.27491,25.50725
374,1885,0.1136,0.01581,-0.31309,25.41812
375,1890,0.11196,0.016,-0.34627,25.16618
376,1895,0.11055,0.0161,-0.3864,24.75144
377,1900,0.10913,0.01616,-0.44577,24.39219
378,1905,0.1079,0.01606,-0.50509,24.0797
379,1910,0.10751,0.01608,-0.56011,23.81401
380,1915,0.10795,0.01599,-0.60091,23.59508
381,1920,0.10856,0.01573,-0.61622,23.47242
382,1925,0.1105,0.01569,-0.58222,23.61752
383,1930,0.11239,0.01568,-0.48139,24.03039
384,1935,0.11389,0.01558,-0.34183,24.71103
385,1940,0.1149,0.01547,-0.15965,25.42458
386,1945,0.11596,0.01584,0.08245,25.95278
387,1950,0.11688,0.01647,0.35286,26.29561
388,1955,0.11682,0.0169,0.61039,26.45309
389,1960,0.11633,0.01732,0.83805,26.55667
390,1965,0.11596,0.01799,1.04053,26.55688
391,1970,0.11512,0.01855,1.17789,26.4537
392,1975,0.11413,0.01867,1.22734,26.24715
393,1980,0.11309,0.01872,1.22246,25.78865
394,1985,0.11155,0.01886,1.17777,25.31306
395,1990,0.1106,0.01874,1.07736,24.82037
396,1995,0.10947,0.0184,0.93293,24.31059
397,2000,0.10947,0.01815,0.78326,24.08248
398,2005,0.11093,0.01802,0.64057,24.00459
399,2010,0.11201,0.01773,0.492,24.07691
400,2015,0.11376,0.01738,0.34213,24.29943
401,2020,0.11489,0.01729,0.22224,24.33258
402,2025,0.1165,0.0172,0.11048,24.32492
403,2030,0.11816,0.017,-0.01149,24.27644
404,2035,0.11781,0.01663,-0.13263,24.18715
405,2040,0.11833,0.01642,-0.25681,24.31924
406,2045,0.11782,0.01615,-0.37261,24.37394
407,2050,0.11629,0.01582,-0.4661,24.35126
408,2055,0.1146,0.01564,-0.5182,24.25118
409,2060,0.11241,0.01545,-0.5123,24.09804
410,2065,0.11138,0.01544,-0.4806,24.23141
411,2070,0.10958,0.01548,-0.4298,24.6513
412,2075,0.10795,0.01553,-0.37366,25.35772
413,2080,0.10814,0.01573,-0.31407,25.95173
414,2085,0.10855,0.0159,-0.2312,26.17114
415,2090,0.10945,0.01606,-0.15234,26.01595
416,2095,0.10952,0.0161,-0.08048,25.48615
417,2100,0.11034,0.01611,-0.03048,25.15024
418,2105,0.11125,0.01632,-0.00502,24.9839
419,2110,0.11184,0.01631,0.01204,24.98712
420,2115,0.11236,0.01637,0.03418,25.1599
421,2120,0.11307,0.01649,0.0968,25.11588
422,2125,0.11404,0.01654,0.18395,25.25397
423,2130,0.11357,0.01652,0.27165,25.57417
424,2135,0.11334,0.01639,0.3674,26.07648
425,2140,0.11335,0.01634,0.45011,26.90884
426,2145,0.11306,0.01622,0.52845,27.50277
427,2150,0.11308,0.01615,0.60531,27.85827
428,2155,0.11249,0.01621,0.67895,27.97533
429,2160,0.11336,0.01628,0.75703,27.75518
430,2165,0.11385,0.0164,0.82749,27.58419
431,2170,0.11426,0.01657,0.8956,27.46236
432,2175,0.1156,0.01671,0.96196,27.38968
433,2180,0.11563,0.0169,1.00996,27.46354
434,2185,0.11638,0.01714,1.05277,27.53598
435,2190,0.11642,0.01729,1.06793,27.60702
436,2195,0.11637,0.01734,1.04084,27.67664
437,2200,0.11568,0.01728,0.98378,27.46526
438,2205,0.11348,0.01737,0.89182,27.07166
439,2210,0.11168,0.01726,0.7718,26.49585
440,2215,0.11019,0.01709,0.61985,25.73781
441,2220,0.10838,0.01705,0.44456,25.1216
442,2225,0.10767,0.01702,0.28254,24.54984
443,2230,0.10756,0.01714,0.12732,24.02253
444,2235,0.10806,0.01707,0.02154,23.53967
445,2240,0.10863,0.01702,-0.03176,23.10434
446,2245,0.10918,0.01713,-0.04945,22.99613
447,2250,0.10975,0.01698,-0.03891,23.21503
448,2255,0.11072,0.01705,-0.03304,23.76105
449,2260,0.11051,0.01699,-0.0033,24.35604
450,2265,0.11023,0.01701,0.0349,24.67595
451,2270,0.10991,0.0171,0.052,24.72079
452,2275,0.10915,0.01697,0.0578,24.49055
453,2280,0.10948,0.01714,0.03149,24.29382
454,2285,0.10889,0.01708,-0.00777,24.12753
455,2290,0.10903,0.01685,-0.06,23.99168
456,2295,0.10975,0.01669,-0.10795,23.88627
457,2300,0.1106,0.01662,-0.11698,23.75128
458,2305,0.11158,0.01662,-0.1103,23.86487
459,2310,0.11131,0.0164,-0.08315,24.22703
460,2315,0.1113,0.01624,-0.01252,24.83777
461,2320,0.11099,0.01619,0.08602,25.62467
462,2325,0.10965,0.01613,0.19133,26.27912
463,2330,0.10876,0.01602,0.29076,26.80113
464,2335,0.10821,0.01622,0.38212,27.1907
465,2340,0.1072,0.01637,0.45013,27.35446
466,2345,0.1054,0.01634,0.47544,27.3524
467,2350,0.1044,0.01639,0.46964,27.18454
468,2355,0.10429,0.01643,0.44961,26.85087
469,2360,0.10385,0.01644,0.38931,26.48357
470,2365,0.10382,0.01631,0.3145,26.15506
471,2370,0.10431,0.01627,0.2436,25.86534
472,2375,0.10475,0.01636,0.18263,25.61441
473,2380,0.10518,0.01628,0.15098,25.3008
474,2385,0.10644,0.01645,0.1533,25.01789
475,2390,0.10725,0.01662,0.20121,24.76567
476,2395,0.10789,0.01687,0.27149,24.54415
477,2400,0.10918,0.01727,0.36156,24.4293
478,2405,0.11097,0.01771,0.48076,24.28894
479,2410,0.11173,0.01824,0.60247,24.12308
480,2415,0.11195,0.01851,0.7344,23.93171
481,2420,0.11228,0.01882,0.85984,23.87431
482,2425,0.11189,0.01895,0.95935,24.05236
483,2430,0.11063,0.01876,1.02399,24.46586
484,2435,0.11039,0.0186,1.04914,25.11481
485,2440,0.10947,0.01825,1.05911,25.76071
486,2445,0.10785,0.01784,1.03993,26.32759
487,2450,0.10626,0.01735,0.99333,26.81547
488,2455,0.10561,0.01691,0.93709,27.22433
489,2460,0.10499,0.01659,0.83808,27.64837
490,2465,0.10393,0.01623,0.70506,27.9281
491,2470,0.10349,0.01593,0.54983,28.06353
492,2475,0.10389,0.01582,0.37789,28.05466
493,2480,0.10331,0.01553,0.1946,27.66562
494,2485,0.10252,0.01529,-0.00453,27.13491
495,2490,0.10251,0.01521,-0.20081,26.46253
496,2495,0.10201,0.01518,-0.38862,25.64848
497,2500,0.10165,0.0151,-0.58416,25.06661
498,2505,0.10069,0.01501,-0.75422,24.62273
499,2510,0.10034,0.01502,-0.8839,24.31683
500,2515,0.09972,0.01504,-0.97856,24.14893
501,2520,0.09894,0.01496,-1.03515,23.85345
502,2525,0.0992,0.01498,-1.06507,23.66626
503,2530,0.10041,0.01515,-1.07811,23.58734
504,2535,0.10173,0.01525,-1.08555,23.61671
505,2540,0.10311,0.01529,-1.09846,23.79225
506,2545,0.10404,0.01536,-1.09753,23.74011
507,2550,0.1052,0.01545,-1.08187,23.4603
508,2555,0.10569,0.01567,-1.05889,22.95281
509,2560,0.10556,0.01579,-1.02898,22.4327
510,2565,0.10522,0.01593,-0.99409,22.16553
511,2570,0.10453,0.01609,-0.94133,22.15132
512,2575,0.10441,0.0162,-0.85265,22.39005
513,2580,0.10383,0.01618,-0.72839,22.83623
514,2585,0.10355,0.01605,-0.5615,23.45197
515,2590,0.10331,0.01595,-0.36096,24.23727
516,2595,0.1043,0.01593,-0.13793,25.19213
517,2600,0.10675,0.01586,0.09208,26.25185
518,2605,0.10941,0.01586,0.31653,27.2014
519,2610,0.11269,0.01593,0.53045,28.04076
520,2615,0.11623,0.01604,0.71229,28.76993
521,2620,0.11939,0.01621,0.85113,29.11873
522,2625,0.12195,0.01634,0.93909,29.13264
523,2630,0.12439,0.01657,0.97866,28.81167
524,2635,0.12618,0.01674,0.96356,28.15582
525,2640,0.12719,0.01691,0.88785,27.52067
526,2645,0.12688,0.0169,0.77213,26.9709
527,2650,0.12666,0.0169,0.64149,26.50651
528,2655,0.12557,0.01675,0.51356,26.1275
529,2660,0.12344,0.01651,0.4144,25.71524
530,2665,0.122,0.01631,0.33541,25.53992
531,2670,0.12058,0.01617,0.27846,25.60154
532,2675,0.11873,0.0161,0.23489,25.9001
533,2680,0.11772,0.01616,0.2019,26.28463
534,2685,0.1168,0.01624,0.18943,26.39956
535,2690,0.1157,0.01637,0.1698,26.24487
536,2695,0.11435,0.01657,0.1314,25.82058
537,2700,0.11311,0.01673,0.06691,25.2065
538,2705,0.11313,0.01698,-0.03674,24.52129
539,2710,0.11132,0.01699,-0.17264,23.76493
540,2715,0.11014,0.01703,-0.33124,22.93743
541,2720,0.10995,0.01708,-0.50388,22.26231
542,2725,0.11042,0.01692,-0.67856,21.89057
543,2730,0.1108,0.01658,-0.85561,21.82218
544,2735,0.11132,0.01611,-1.00776,22.05715
545,2740,0.11256,0.01567,-1.12726,22.36204
546,2745,0.11347,0.01528,-1.21647,22.65703
547,2750,0.11334,0.01495,-1.26903,22.94212
548,2755,0.11309,0.01479,-1.28283,23.2173
549,2760,0.11297,0.01469,-1.27353,23.60922
550,2765,0.1128,0.01469,-1.24486,23.89435
551,2770,0.11248,0.01483,-1.1974,24.07268
552,2775,0.11208,0.01504,-1.14205,24.14421
553,2780,0.11184,0.01521,-1.0842,23.93917
554,2785,0.11173,0.01539,-1.03239,23.69098
555,2790,0.11187,0.01565,-0.9803,23.39965
556,2795,0.11195,0.01579,-0.93791,23.06517
557,2800,0.11264,0.01586,-0.90041,23.00498
558,2805,0.11398,0.01583,-0.84203,23.09244
559,2810,0.11589,0.01587,-0.75911,23.32755
560,2815,0.11598,0.01573,-0.65301,23.71031
561,2820,0.11666,0.01571,-0.52114,24.04923
562,2825,0.11703,0.01585,-0.37191,24.5141
563,2830,0.11731,0.01596,-0.21788,25.10492
564,2835,0.11716,0.01603,-0.08287,25.82169
565,2840,0.11679,0.01599,0.04345,26.58338
566,2845,0.11737,0.01603,0.1494,27.07256
567,2850,0.11659,0.01601,0.22629,27.28922
568,2855,0.11525,0.0159,0.2767,27.23338
569,2860,0.11489,0.01594,0.28333,27.02973
570,2865,0.11371,0.01587,0.26032,26.86976
571,2870,0.11277,0.01586,0.19631,26.75348
572,2875,0.1115,0.01591,0.10888,26.68088
573,2880,0.11038,0.01581,0.02053,26.41894
574,2885,0.11033,0.01591,-0.07973,26.0487
575,2890,0.10871,0.01582,-0.18603,25.57015
576,2895,0.1075,0.01587,-0.31097,24.98331
577,2900,0.10675,0.01597,-0.4599,24.50555
578,2905,0.10634,0.01599,-0.60463,24.01219
579,2910,0.10607,0.01602,-0.75233,23.50321
580,2915,0.10554,0.01592,-0.86486,22.97862
581,2920,0.10538,0.01582,-0.94448,22.46944
582,2925,0.10516,0.01579,-1.00544,22.2087
583,2930,0.10394,0.01564,-1.03427,22.19639
584,2935,0.10368,0.01573,-1.03125,22.43251
585,2940,0.10377,0.01575,-0.98768,22.85424
586,2945,0.10355,0.01568,-0.91592,23.24419
587,2950,0.10405,0.01574,-0.82511,23.60235
588,2955,0.10432,0.01583,-0.71374,23.92871
589,2960,0.10504,0.01599,-0.62251,24.13753
590,2965,0.10513,0.01603,-0.54801,24.19776
591,2970,0.10561,0.01622,-0.48546,24.10941
592,2975,0.10646,0.01653,-0.45721,23.87247
593,2980,0.10682,0.0166,-0.46621,23.55781
594,2985,0.10766,0.01677,-0.51728,23.22823
595,2990,0.1081,0.01691,-0.59712,22.88374
596,2995,0.10752,0.01682,-0.71025,22.52434
597,3000,0.10737,0.01667,-0.85805,22.1625
598,3005,0.10658,0.01641,-1.00897,21.88399
599,3010,0.10535,0.01613,-1.17263,21.6888
600,3015,0.10438,0.01578,-1.34403,21.57693
601,3020,0.10392,0.01536,-1.4944,21.6259
602,3025,0.10352,0.01512,-1.61934,21.76483
603,3030,0.10205,0.01477,-1.70448,21.99374
604,3035,0.10094,0.01441,-1.7345,22.31262
605,3040,0.09996,0.01422,-1.71317,22.73864
606,3045,0.09853,0.014,-1.64605,23.25934
607,3050,0.09741,0.01389,-1.55887,23.87471
608,3055,0.09776,0.01401,-1.45462,24.58475
609,3060,0.09823,0.01413,-1.33777,25.13687
610,3065,0.09838,0.01432,-1.22676,25.45356
611,3070,0.09965,0.01444,-1.1157,25.53484
612,3075,0.10144,0.01458,-1.01629,25.38069
613,3080,0.10259,0.01468,-0.95817,25.25002
614,3085,0.10362,0.01471,-0.93504,25.12565
615,3090,0.10606,0.01484,-0.93858,25.00759
616,3095,0.10861,0.01496,-0.9563,24.89583
617,3100,0.11041,0.01499,-0.97608,24.54012
618,3105,0.11149,0.01504,-0.99607,24.19304
619,3110,0.11332,0.01516,-1.0082,23.8546
620,3115,0.11388,0.01528,-1.02603,23.5248
621,3120,0.11306,0.01534,-1.05985,23.44306
622,3125,0.11237,0.01542,-1.09464,23.35047
623,3130,0.11182,0.01556,-1.12123,23.24705
624,3135,0.11015,0.0156,-1.14126,23.13278
625,3140,0.10825,0.0155,-1.15043,22.94144
626,3145,0.10695,0.01532,-1.14941,22.92327
627,3150,0.10636,0.01523,-1.14108,23.07829
628,3155,0.10511,0.01508,-1.13617,23.40648
629,3160,0.10429,0.01495,-1.13072,23.84585
630,3165,0.10513,0.01496,-1.10305,24.15699
631,3170,0.10589,0.015,-1.04518,24.33988
632,3175,0.10661,0.015,-0.97753,24.39454
633,3180,0.10749,0.01497,-0.91568,24.42685
634,3185,0.10874,0.01507,-0.85912,24.50304
635,3190,0.10953,0.01532,-0.82135,24.62313
636,3195,0.10951,0.01538,-0.80343,24.7871
637,3200,0.10908,0.01531,-0.79645,24.80147
638,3205,0.10816,0.01538,-0.79433,24.72824
639,3210,0.10624,0.01535,-0.79676,24.5674
640,3215,0.10462,0.01531,-0.82252,24.31895
641,3220,0.10301,0.01522,-0.84804,24.19621
642,3225,0.10139,0.01519,-0.85147,24.09327
643,3230,0.10056,0.01531,-0.83704,24.01015
644,3235,0.10052,0.01528,-0.78136,23.94683
645,3240,0.10184,0.01544,-0.67877,23.93578
646,3245,0.10331,0.01561,-0.52942,24.1705
647,3250,0.10538,0.01566,-0.34761,24.65097
648,3255,0.1083,0.01581,-0.15195,25.37721
649,3260,0.11097,0.01593,0.06553,26.22991
650,3265,0.11322,0.01611,0.2864,26.99577
651,3270,0.11461,0.01617,0.50303,27.6748
652,3275,0.11611,0.01614,0.69867,28.26699
653,3280,0.11677,0.01623,0.84939,28.62971
654,3285,0.1164,0.01638,0.94644,28.73051
655,3290,0.1163,0.01671,0.98259,28.56939
656,3295,0.11524,0.01692,0.95943,28.14634
657,3300,0.11459,0.01711,0.87233,27.48508
658,3305,0.11295,0.01726,0.72855,26.70489
659,3310,0.11117,0.01737,0.52715,25.80578
660,3315,0.11042,0.01741,0.26653,24.78775
661,3320,0.10895,0.01723,-0.02766,23.77978
662,3325,0.108,0.01706,-0.33618,22.92451
663,3330,0.10644,0.01672,-0.63811,22.22194
664,3335,0.10527,0.01629,-0.91797,21.67207
665,3340,0.10541,0.01587,-1.15264,21.39106
666,3345,0.10512,0.01547,-1.32645,21.35523
667,3350,0.10532,0.01517,-1.44902,21.56457
668,3355,0.10613,0.01489,-1.52419,22.01907
669,3360,0.10697,0.01486,-1.54493,22.45709
670,3365,0.10728,0.01495,-1.51218,22.74965
671,3370,0.10727,0.01506,-1.4389,22.89674
672,3375,0.10765,0.01511,-1.33837,22.89837
673,3380,0.10815,0.01518,-1.23104,23.04144
674,3385,0.10788,0.01539,-1.12698,23.20979
675,3390,0.10729,0.01553,-1.02039,23.40341
676,3395,0.10762,0.01567,-0.91834,23.62231
677,3400,0.10757,0.01579,-0.80852,23.57465
678,3405,0.10753,0.01597,-0.70068,23.52208
679,3410,0.10808,0.0163,-0.61331,23.46461
680,3415,0.10832,0.01646,-0.54964,23.40223
681,3420,0.10936,0.01655,-0.52415,23.55417
682,3425,0.11003,0.01662,-0.51213,23.63353
683,3430,0.11086,0.01659,-0.5136,23.64031
684,3435,0.11149,0.01648,-0.53707,23.57449
685,3440,0.11152,0.0162,-0.54841,23.429
686,3445,0.11227,0.01603,-0.54196,23.49565
687,3450,0.11243,0.0158,-0.51185,23.77445
688,3455,0.11244,0.01546,-0.45054,24.2654
689,3460,0.11329,0.01537,-0.34717,25.00244
690,3465,0.1134,0.01541,-0.18521,25.76633
691,3470,0.11385,0.01548,0.00376,26.55707
692,3475,0.11412,0.0155,0.20665,27.37467
693,3480,0.11493,0.0157,0.42991,27.99809
694,3485,0.11605,0.01606,0.64001,28.43444
695,3490,0.11621,0.01623,0.81988,28.68372
696,3495,0.1167,0.01635,0.95306,28.74591
697,3500,0.11708,0.01667,1.03573,28.66301
698,3505,0.11701,0.01692,1.0593,28.40106
699,3510,0.11693,0.01714,1.01121,27.96007
700,3515,0.11568,0.01723,0.91969,27.34004
701,3520,0.11442,0.01736,0.7966,26.49009
702,3525,0.1129,0.01742,0.63166,25.63124
703,3530,0.11066,0.01733,0.42802,24.7635
704,3535,0.1091,0.01741,0.19677,23.88686
705,3540,0.10765,0.01739,-0.04749,23.2878
706,3545,0.10622,0.01718,-0.28215,22.92434
707,3550,0.1041,0.01672,-0.4741,22.79647
708,3555,0.10204,0.01617,-0.58057,22.9042
709,3560,0.10077,0.01552,-0.61212,23.22284
710,3565,0.1,0.015,-0.57628,23.80327
711,3570,0.10099,0.01481,-0.48008,24.64548
712,3575,0.10354,0.01502,-0.31431,25.74949
713,3580,0.1061,0.01524,-0.05159,26.82341
714,3585,0.10897,0.01557,0.33594,27.5808
715,3590,0.11151,0.0159,0.83244,28.02165
716,3595,0.11477,0.01644,1.40148,28.14596
717,3600,0.11955,0.01746,2.00609,28.31597
718,3605,0.12608,0.0189,2.62808,28.55638
719,3610,0.13287,0.02033,3.25785,28.86717
720,3615,0.1385,0.02159,3.93326,29.24835
721,3620,0.14459,0.02285,4.6835,29.53296
722,3625,0.14921,0.02369,5.45249,30.01284
723,3630,0.15224,0.02419,6.22799,30.688
724,3635,0.1559,0.02503,7.04403,31.55843
725,3640,0.1617,0.0262,7.88755,32.7576
726,3645,0.16552,0.02697,8.72026,33.92324
727,3650,0.16934,0.02802,9.59608,35.05537
728,3655,0.1751,0.02967,10.56285,36.15399
729,3660,0.17903,0.0311,11.55978,37.04803
730,3665,0.18097,0.03185,12.50547,37.90447
731,3670,0.18462,0.03322,13.41455,38.72332
732,3675,0.19043,0.03516,14.25691,39.50457
733,3680,0.19486,0.03652,14.94116,40.32435
734,3685,0.19645,0.03711,15.50502,41.04919
735,3690,0.19822,0.03758,15.98546,41.67911
736,3695,0.19902,0.03787,16.35414,42.2141
737,3700,0.19825,0.03746,16.60769,42.34157
738,3705,0.20016,0.03747,16.74294,42.23258
739,3710,0.20133,0.03753,16.81467,41.88713
740,3715,0.20408,0.03784,16.79656,41.30521
741,3720,0.20869,0.03869,16.70387,40.64162
742,3725,0.21237,0.03903,16.59225,39.82024
743,3730,0.21561,0.03954,16.40211,38.84106
744,3735,0.21718,0.03951,16.23906,37.70409
745,3740,0.21984,0.0394,16.04054,36.77187
746,3745,0.21992,0.03899,15.73221,36.357
747,3750,0.21641,0.03758,15.36183,36.45947
748,3755,0.21783,0.03754,14.9317,37.07928
749,3760,0.21578,0.03666,14.53295,37.59053
750,3765,0.21128,0.03519,14.06954,37.83843
751,3770,0.20665,0.03405,13.56844,37.82297
752,3775,0.20302,0.03318,13.11972,37.54416
753,3780,0.20224,0.03317,12.54787,37.30104
754,3785,0.1952,0.03179,11.91075,36.73107
755,3790,0.19069,0.03103,11.26357,35.83424
756,3795,0.18971,0.03123,10.6537,34.61056
757,3800,0.18463,0.03031,10.0415,33.20314
758,3805,0.17965,0.02917,9.37886,32.2379
759,3810,0.17493,0.02798,8.82797,31.71481
760,3815,0.17357,0.02749,8.33096,31.6339
761,3820,0.16971,0.02642,7.80931,31.64895
762,3825,0.16558,0.02554,7.34825,31.46093
763,3830,0.16665,0.0259,6.9683,31.06983
764,3835,0.16595,0.02586,6.59807,30.47565
765,3840,0.16217,0.0253,6.18132,29.883
766,3845,0.15949,0.02499,5.78948,29.14875
767,3850,0.15794,0.02515,5.38047,28.27289
768,3855,0.15358,0.02439,4.87849,27.25545
769,3860,0.14923,0.02372,4.3331,26.12137
770,3865,0.14686,0.02358,3.77877,25.21686
771,3870,0.14296,0.0227,3.18985,24.54191
772,3875,0.1378,0.02156,2.55201,24.09654
773,3880,0.13429,0.02062,1.98989,23.82036
774,3885,0.13199,0.01976,1.48014,23.5088
775,3890,0.12827,0.01866,1.01998,23.16184
776,3895,0.12576,0.01773,0.68644,22.77948
777,3900,0.12659,0.0177,0.47744,22.68322
778,3905,0.12579,0.01717,0.37421,22.84808
779,3910,0.12724,0.01709,0.37966,23.27407
780,3915,0.13,0.01753,0.50951,23.96119
781,3920,0.13277,0.01784,0.72414,24.58177
782,3925,0.13516,0.01815,0.93904,25.19619
783,3930,0.13737,0.01856,1.16377,25.80443
784,3935,0.14019,0.01898,1.31287,26.40651
785,3940,0.14081,0.01891,1.3627,26.96554
786,3945,0.14052,0.01872,1.36048,27.16005
787,3950,0.14057,0.01854,1.32537,26.99003
788,3955,0.13735,0.01776,1.27653,26.45549
789,3960,0.13566,0.01728,1.22431,25.86147
790,3965,0.13544,0.01727,1.23974,25.53563
791,3970,0.13576,0.01741,1.32192,25.47797
792,3975,0.13775,0.01782,1.4894,25.68848
793,3980,0.13947,0.01833,1.77516,26.03437
794,3985,0.14374,0.0194,2.11746,26.55252
795,3990,0.14619,0.02003,2.48294,27.24291
796,3995,0.14778,0.02067,2.81199,28.10554
797,4000,0.14929,0.02111,3.04364,28.86535
798,4005,0.14801,0.02104,3.1698,29.21727
799,4010,0.14757,0.02125,3.13443,29.16131
800,4015,0.1449,0.02102,2.96203,28.69747
801,4020,0.14091,0.02036,2.64948,27.94937
802,4025,0.13785,0.01983,2.24526,27.04982
803,4030,0.13362,0.01913,1.80871,25.99881
804,4035,0.13014,0.01857,1.29754,24.79634
805,4040,0.12677,0.01804,0.80573,23.63522
806,4045,0.12503,0.01787,0.38376,22.79051
807,4050,0.12434,0.01775,-0.00126,22.26222
808,4055,0.12057,0.01683,-0.31133,22.05035
809,4060,0.12002,0.01668,-0.52541,22.0079
810,4065,0.11973,0.01675,-0.63995,22.01125
811,4070,0.11796,0.0163,-0.70349,22.0604
812,4075,0.11723,0.01618,-0.70997,22.15534
813,4080,0.11751,0.01643,-0.60988,22.32637
814,4085,0.11953,0.01686,-0.50749,22.3807
815,4090,0.12101,0.01709,-0.41145,22.31832
816,4095,0.1233,0.01772,-0.26907,22.13924
817,4100,0.12696,0.01858,-0.13414,21.87514
818,4105,0.12765,0.01855,-0.04379,21.67301
819,4110,0.1293,0.0186,-0.00687,21.53285
820,4115,0.13104,0.01898,0.01311,21.45467
821,4120,0.13055,0.01875,-0.03395,21.52861
822,4125,0.12974,0.01825,-0.15481,21.72437
823,4130,0.12818,0.01766,-0.27407,22.04197
824,4135,0.12695,0.01733,-0.40957,22.48139
825,4140,0.12401,0.0165,-0.56653,22.92193
826,4145,0.12109,0.01577,-0.67153,23.33192
827,4150,0.11911,0.01544,-0.66686,23.71134
828,4155,0.11602,0.01495,-0.54266,24.0602
829,4160,0.11424,0.01469,-0.33583,24.49143
830,4165,0.11547,0.01512,0.07702,24.91489
831,4170,0.11818,0.01631,0.69431,25.33056
832,4175,0.12169,0.01762,1.46367,25.73846
833,4180,0.12525,0.01872,2.39506,26.05412
834,4185,0.13406,0.02135,3.45362,26.39826
835,4190,0.14315,0.024,4.57798,26.77088
836,4195,0.1508,0.02617,5.6481,27.17197
837,4200,0.15901,0.02823,6.66651,27.72182
838,4205,0.16646,0.02997,7.65841,28.30749
839,4210,0.1721,0.03138,8.43167,28.92899
840,4215,0.1742,0.03153,9.0409,29.58631
841,4220,0.17557,0.03181,9.53117,30.3296
842,4225,0.17734,0.03214,9.86753,31.2433
843,4230,0.17331,0.03075,10.06968,32.32742
844,4235,0.17122,0.0302,10.18375,33.58196
845,4240,0.17084,0.02998,10.33801,34.76172
846,4245,0.16845,0.02926,10.48399,35.7464
847,4250,0.16674,0.02868,10.63941,36.53603
848,4255,0.16604,0.02865,10.91896,37.13059
849,4260,0.16822,0.02963,11.19825,37.48927
850,4265,0.16904,0.03015,11.43736,37.56191
851,4270,0.17093,0.03127,11.69759,37.34853
852,4275,0.17464,0.03281,11.94148,36.84911
853,4280,0.17521,0.03343,12.12964,36.02459
854,4285,0.1744,0.03371,12.20178,35.12014
855,4290,0.175,0.03444,12.20674,34.13579
856,4295,0.17425,0.03464,12.1267,33.07152
857,4300,0.17407,0.03451,11.95594,32.20701
858,4305,0.17352,0.03414,11.76483,31.58307
859,4310,0.17421,0.03381,11.56376,31.19971
860,4315,0.17565,0.03349,11.35011,31.05692
861,4320,0.17773,0.03334,11.18133,30.89807
862,4325,0.18076,0.03324,11.02125,30.76222
863,4330,0.18221,0.03291,10.8566,30.64938
864,4335,0.18471,0.03294,10.67489,30.55956
865,4340,0.18752,0.03325,10.41286,30.61049
866,4345,0.18774,0.03283,10.06023,30.5225
867,4350,0.18719,0.03215,9.60693,30.29561
868,4355,0.18614,0.03153,9.09081,29.9298
869,4360,0.18222,0.03021,8.49137,29.20118
870,4365,0.1776,0.02896,7.80775,28.36643
871,4370,0.17312,0.02765,7.1313,27.42552
872,4375,0.16987,0.02681,6.46686,26.37847
873,4380,0.16521,0.02579,5.82313,25.70385
874,4385,0.16117,0.02498,5.26701,25.28393
875,4390,0.15886,0.02472,4.77892,25.1187
876,4395,0.15534,0.02407,4.36715,25.20817
877,4400,0.15221,0.02354,4.01092,25.29073
878,4405,0.15028,0.02309,3.69612,25.59029
879,4410,0.14748,0.02219,3.37992,26.10683
880,4415,0.14406,0.0212,3.02221,26.84035
881,4420,0.14097,0.02022,2.67005,27.66744
882,4425,0.13814,0.01926,2.31938,28.1095
883,4430,0.13465,0.01816,1.97207,28.16654
884,4435,0.1303,0.01731,1.66883,27.83856
885,4440,0.12807,0.01711,1.42323,27.27124
886,4445,0.1262,0.01696,1.2345,26.72618
887,4450,0.12446,0.01702,1.14441,26.20339
888,4455,0.12408,0.01743,1.18584,25.70285
889,4460,0.12453,0.01802,1.34994,25.29465
890,4465,0.12641,0.01856,1.58263,25.10221
891,4470,0.12951,0.01945,1.8943,25.12553
892,4475,0.13303,0.02041,2.28061,25.36462
893,4480,0.13681,0.02121,2.67386,25.70572
894,4485,0.13927,0.02166,3.0655,26.00314
895,4490,0.14176,0.02235,3.45839,26.25689
896,4495,0.14441,0.02324,3.80816,26.46696
897,4500,0.14462,0.02332,4.09498,26.73265
898,4505,0.14451,0.02352,4.28457,26.98389
899,4510,0.14415,0.02384,4.41431,27.22068
900,4515,0.14331,0.02391,4.43411,27.44301
901,4520,0.14264,0.024,4.35314,27.38504
902,4525,0.14056,0.02351,4.28065,27.16054
903,4530,0.13939,0.02336,4.21807,26.76949
904,4535,0.13809,0.0227,10.39339,26.2119
905,4540,0.13668,0.02183,29.37377,26.59967
906,4545,0.13657,0.02151,61.22805,27.83351
907,4550,0.13559,0.02085,106.05151,29.91342
908,4555,0.25334,0.12235,163.85445,32.83939
909,4560,0.49147,0.33133,234.6536,36.45644
910,4565,0.73056,0.54077,311.58917,41.03042
911,4570,0.97086,0.75057,388.56534,46.56131
912,4575,1.211,0.96025,465.50098,53.04913
913,4580,1.45159,1.17026,529.91797,58.35248
914,4585,1.56327,1.26894,568.7085,61.35947
915,4590,1.5652,1.26958,581.75696,62.07008
916,4595,1.5677,1.27031,568.9826,60.48433
917,4600,1.45032,1.1688,530.3229,57.92451
918,4605,1.21224,0.9598,465.8145,54.54562
919,4610,0.97298,0.75036,389.12936,50.34765
920,4615,0.73374,0.54095,312.2891,45.33061
921,4620,0.49405,0.33138,235.44255,39.49646
922,4625,0.25275,0.12134,164.85681,34.98659
923,4630,0.14115,0.02303,107.07039,31.80099
924,4635,0.13913,0.02256,62.16479,29.93967
925,4640,0.13909,0.02258,30.15418,29.44251
926,4645,0.14119,0.02295,11.10083,28.9872
927,4650,0.14203,0.02302,4.99168,28.57373
928,4655,0.14397,0.02349,4.95607,28.20211
929,4660,0.14533,0.02381,5.0598,27.75015
930,4665,0.14814,0.02459,5.18203,27.21588
931,4670,0.15088,0.02548,5.29544,26.5993
932,4675,0.15156,0.02576,5.47772,25.90041
933,4680,0.15446,0.02681,5.65694,25.42517
934,4685,0.15429,0.02701,5.86589,25.1337
935,4690,0.15281,0.02705,6.04583,25.026
936,4695,0.15409,0.02797,6.21439,25.10207
937,4700,0.15311,0.02817,6.40574,25.14027
938,4705,0.15306,0.02865,6.50212,25.26279
939,4710,0.15148,0.02853,6.596,25.46963
940,4715,0.15099,0.02872,6.67417,25.76079
941,4720,0.15072,0.02879,6.62069,26.1171
942,4725,0.14817,0.02794,6.52926,26.23262
943,4730,0.14788,0.02801,6.3668,26.10735
944,4735,0.14676,0.02793,6.1752,25.74128
945,4740,0.14383,0.02702,5.93083,25.22606
946,4745,0.14326,0.02686,5.70094,24.78332
947,4750,0.14184,0.02645,5.56742,24.41308
948,4755,0.14045,0.02614,5.44343,24.11533
949,4760,0.14016,0.02565,5.36356,24.07869
950,4765,0.1426,0.02601,5.36777,24.32232
951,4770,0.14522,0.02652,5.35451,24.84623
952,4775,0.14634,0.02623,5.34236,25.6504
953,4780,0.14913,0.02625,5.37511,26.38618
954,4785,0.15102,0.02611,5.46318,26.96193
955,4790,0.15066,0.02518,5.50419,27.37763
956,4795,0.15101,0.02444,5.51522,27.63328
957,4800,0.15293,0.02448,5.54138,28.02904
958,4805,0.15426,0.02468,5.54354,28.37628
959,4810,0.15277,0.02424,5.52203,28.67499
960,4815,0.1536,0.02441,5.56942,28.92517
961,4820,0.15421,0.02485,5.69706,28.87462
962,4825,0.15333,0.02489,5.79713,28.87201
963,4830,0.15229,0.02466,5.84089,28.91734
964,4835,0.1527,0.02505,5.84983,29.01061
965,4840,0.1541,0.02571,5.76046,29.11931
966,4845,0.15352,0.02561,5.56673,28.94329
967,4850,0.15187,0.02534,5.28668,28.48257
968,4855,0.15014,0.02491,4.97055,27.73713
969,4860,0.14651,0.0241,4.59744,26.86424
970,4865,0.14321,0.02321,4.14018,26.1161
971,4870,0.14029,0.02218,3.68566,25.49271
972,4875,0.139,0.02166,3.25923,24.99407
973,4880,0.13918,0.02138,2.88697,24.59654
974,4885,0.13889,0.02087,2.6071,24.33262
975,4890,0.14016,0.0208,2.41228,24.20231
976,4895,0.14203,0.02072,2.33018,24.20562
977,4900,0.14337,0.02067,2.31874,24.38246
978,4905,0.14464,0.02078,2.34103,24.57556
979,4910,0.1449,0.02075,2.39951,24.78492
980,4915,0.14588,0.0211,2.43009,25.01055
981,4920,0.14649,0.02141,2.44314,25.0999
982,4925,0.14585,0.02148,2.45588,25.0766
983,4930,0.14527,0.02149,2.44887,24.94067
984,4935,0.1432,0.02102,2.44288,24.69209
985,4940,0.14186,0.02071,2.41064,24.60459
986,4945,0.14199,0.02073,2.37231,24.63824
987,4950,0.142,0.02054,2.33329,24.79304
988,4955,0.14234,0.02049,2.29403,25.06901
989,4960,0.14232,0.0204,2.31729,25.31533
990,4965,0.14284,0.02045,2.37115,25.68457
991,4970,0.14248,0.02022,2.43443,26.17672
992,4975,0.14084,0.01981,2.51342,26.79179
993,4980,0.14033,0.01984,2.59525,27.48127
994,4985,0.13906,0.01971,2.68067,27.97147
995,4990,0.13877,0.01974,2.73675,28.26238
996,4995,0.13917,0.01984,2.78701,28.35402
997,5000,0.13977,0.02,2.82787,28.33194
998,5005,0.14112,0.0201,2.821,28.34695
999,5010,0.14105,0.01985,2.78886,28.39904
1000,5015,0.14164,0.01975,2.70293,28.48823
1001,5020,0.14171,0.01957,2.56491,28.40708
1002,5025,0.14186,0.01932,2.37569,28.20407
1003,5030,0.14278,0.01923,2.12674,27.87921
1004,5035,0.14129,0.01879,1.84285,27.4325
1005,5040,0.14009,0.01835,1.51087,26.96362
1006,5045,0.13973,0.01798,1.16766,26.38697
1007,5050,0.13781,0.01749,0.81146,25.70258
1008,5055,0.13613,0.01714,0.45746,24.91043
1009,5060,0.13488,0.01675,0.14385,24.09416
1010,5065,0.13519,0.0167,-0.13347,23.46121
1011,5070,0.13482,0.01637,-0.36563,23.01158
1012,5075,0.13444,0.01629,-0.50433,22.74526
1013,5080,0.13554,0.0163,-0.54136,22.67565
1014,5085,0.13521,0.01618,-0.48195,22.70308
1015,5090,0.13417,0.01616,-0.36545,22.82754
1016,5095,0.1354,0.01669,-0.1553,23.04904
1017,5100,0.13651,0.01736,0.09832,23.42716
1018,5105,0.13686,0.01785,0.36298,23.87827
1019,5110,0.13677,0.01809,0.65928,24.40236
1020,5115,0.13772,0.01872,0.95905,24.99943
1021,5120,0.13741,0.01893,1.20557,25.47936
1022,5125,0.13566,0.01889,1.39091,25.82873
1023,5130,0.13532,0.01918,1.51457,26.04755
1024,5135,0.13437,0.01923,1.58943,26.13582
1025,5140,0.13193,0.01905,1.56186,26.08017
1026,5145,0.1314,0.01907,1.48144,25.82101
1027,5150,0.12978,0.01906,1.38504,25.35833
1028,5155,0.12886,0.01916,1.23305,24.69214
1029,5160,0.12722,0.01881,1.09058,24.01609
1030,5165,0.12673,0.0187,0.96053,23.52033
1031,5170,0.12749,0.01877,0.84392,23.20484
1032,5175,0.1263,0.01835,0.7716,23.06963
1033,5180,0.12808,0.0186,0.74184,23.08443
1034,5185,0.12883,0.01849,0.78663,23.26262
1035,5190,0.12918,0.01839,0.8682,23.60419
1036,5195,0.13153,0.01857,0.98545,24.10914
1037,5200,0.13272,0.01864,1.16627,24.74238
1038,5205,0.13396,0.01882,1.33546,25.31026
1039,5210,0.13424,0.01876,1.52591,25.81278
1040,5215,0.13571,0.01899,1.72026,26.24994
1041,5220,0.13724,0.01934,1.86721,26.59775
1042,5225,0.13693,0.01925,1.9819,26.88648
1043,5230,0.13775,0.01946,2.06111,27.11613
1044,5235,0.1375,0.01952,2.12222,27.28669
1045,5240,0.13588,0.01924,2.14112,27.21443
1046,5245,0.13508,0.0193,2.13656,26.93444
1047,5250,0.13435,0.01949,2.12375,26.44671
1048,5255,0.13407,0.0198,2.09185,25.75123
1049,5260,0.13287,0.0199,2.04085,25.19987
1050,5265,0.13385,0.02027,2.00486,24.8166
1051,5270,0.13411,0.02032,1.96143,24.60143
1052,5275,0.13546,0.02038,1.91927,24.55435
1053,5280,0.13685,0.02024,1.88022,24.52051
1054,5285,0.13764,0.02007,1.83095,24.68366
1055,5290,0.13826,0.01964,1.74252,25.04378
1056,5295,0.13843,0.01927,1.64673,25.60089
1057,5300,0.1381,0.01884,1.52111,26.30911
1058,5305,0.13616,0.01818,1.38475,26.81658
1059,5310,0.13408,0.01751,1.26733,27.12333
1060,5315,0.13341,0.01727,1.1734,27.22933
1061,5320,0.13005,0.0168,1.08831,27.24405
1062,5325,0.12724,0.01642,1.01275,27.32234
1063,5330,0.12678,0.01658,0.97728,27.46421
1064,5335,0.12515,0.01662,0.96914,27.66965
1065,5340,0.12411,0.01667,0.94576,27.74244
1066,5345,0.12354,0.0168,0.93519,27.72844
1067,5350,0.12459,0.01714,0.93114,27.62767
1068,5355,0.12422,0.0172,0.88229,27.44011
1069,5360,0.12294,0.01686,0.79848,27.28348
1070,5365,0.12423,0.01673,0.68408,27.0483
1071,5370,0.12526,0.01668,0.56195,26.73459
1072,5375,0.1252,0.0164,0.423,26.34234
1073,5380,0.12594,0.01625,0.28642,25.87156
1074,5385,0.12652,0.01603,0.17624,25.51848
