window_index,center_time_sec,delta_mse_AE2D_mean,abs_delta_mse_AE2D_mean,delta_score_z,abs_delta_score_z,delta_topo_sum_AE2D,abs_delta_topo_sum_AE2D
0,15,,,,,,
1,20,0.00082,0.00082,0.03194,0.03194,-0.25401,0.25401
2,25,0.00049,0.00049,0.09459,0.09459,-0.25401,0.25401
3,30,0.00055,0.00055,0.05661,0.05661,-0.25401,0.25401
4,35,-0.00023,0.00023,-0.02210,0.02210,-0.25401,0.25401
5,40,-0.00039,0.00039,-0.00081,0.00081,-0.26509,0.26509
6,45,0.00118,0.00118,0.00962,0.00962,-0.26509,0.26509
7,50,-0.00048,0.00048,0.02867,0.02867,-0.26509,0.26509
8,55,-0.00115,0.00115,0.02214,0.02214,-0.26509,0.26509
9,60,-0.00007,0.00007,0.00649,0.00649,0.75668,0.75668
10,65,0.00043,0.00043,0.16004,0.16004,0.75668,0.75668
11,70,0.00024,0.00024,0.00654,0.00654,0.75668,0.75668
12,75,-0.00013,0.00013,0.01985,0.01985,0.75668,0.75668
13,80,-0.00056,0.00056,0.07948,0.07948,-0.12570,0.12570
14,85,0.00206,0.00206,-0.00053,0.00053,-0.12570,0.12570
15,90,-0.00142,0.00142,-0.05205,0.05205,-0.12570,0.12570
16,95,-0.00034,0.00034,-0.18567,0.18567,-0.12570,0.12570
17,100,-0.00013,0.00013,-0.23741,0.23741,-0.32292,0.32292
18,105,-0.00079,0.00079,-0.22234,0.22234,-0.32292,0.32292
19,110,0.00018,0.00018,-0.39810,0.39810,-0.32292,0.32292
20,115,-0.00136,0.00136,-0.32194,0.32194,-0.32292,0.32292
21,120,0.00021,0.00021,-0.16831,0.16831,-1.35643,1.35643
22,125,0.00038,0.00038,-0.03282,0.03282,-1.35644,1.35644
23,130,-0.00014,0.00014,0.27066,0.27066,-1.35643,1.35643
24,135,0.00052,0.00052,0.42941,0.42941,-1.35643,1.35643
25,140,0.00047,0.00047,0.52463,0.52463,2.95159,2.95159
26,145,0.00026,0.00026,0.48914,0.48914,2.95159,2.95159
27,150,0.00237,0.00237,0.49702,0.49702,2.95159,2.95159
28,155,0.00096,0.00096,0.47301,0.47301,2.95159,2.95159
29,160,0.00069,0.00069,0.26088,0.26088,-1.18293,1.18293
30,165,-0.00047,0.00047,0.09406,0.09406,-1.18293,1.18293
31,170,0.00042,0.00042,-0.10870,0.10870,-1.18293,1.18293
32,175,-0.00063,0.00063,-0.40662,0.40662,-1.18293,1.18293
33,180,-0.00290,0.00290,-0.56171,0.56171,-1.47957,1.47957
34,185,0.00021,0.00021,-0.51093,0.51093,-1.47957,1.47957
35,190,-0.00059,0.00059,-0.43371,0.43371,-1.47956,1.47956
36,195,-0.00004,0.00004,-0.43269,0.43269,-1.47957,1.47957
37,200,-0.00022,0.00022,-0.34388,0.34388,0.50705,0.50705
38,205,0.00058,0.00058,-0.04697,0.04697,0.50705,0.50705
39,210,-0.00015,0.00015,0.02060,0.02060,0.50705,0.50705
40,215,-0.00052,0.00052,0.12628,0.12628,0.50705,0.50705
41,220,0.00012,0.00012,0.17268,0.17268,0.07090,0.07090
42,225,0.00111,0.00111,0.15182,0.15182,0.07090,0.07090
43,230,0.00045,0.00045,0.08754,0.08754,0.07089,0.07089
44,235,0.00028,0.00028,0.01345,0.01345,0.07090,0.07090
45,240,0.00006,0.00006,0.05785,0.05785,-0.30589,0.30589
46,245,-0.00011,0.00011,0.18174,0.18174,-0.30589,0.30589
47,250,-0.00002,0.00002,0.30589,0.30589,-0.30590,0.30590
48,255,-0.00091,0.00091,0.36856,0.36856,-0.30589,0.30589
49,260,-0.00053,0.00053,0.28272,0.28272,1.84024,1.84024
50,265,0.00117,0.00117,0.18427,0.18427,1.84024,1.84024
51,270,0.00216,0.00216,0.16031,0.16031,1.84024,1.84024
52,275,0.00049,0.00049,-0.00785,0.00785,1.84024,1.84024
53,280,0.00007,0.00007,-0.02456,0.02456,-2.06997,2.06997
54,285,-0.00057,0.00057,-0.07419,0.07419,-2.06997,2.06997
55,290,0.00049,0.00049,-0.17988,0.17988,-2.06997,2.06997
56,295,-0.00180,0.00180,-0.35608,0.35608,-2.06997,2.06997
57,300,-0.00131,0.00131,-0.42824,0.42824,-0.09363,0.09363
58,305,-0.00026,0.00026,-0.35585,0.35585,-0.09364,0.09364
59,310,0.00052,0.00052,-0.29657,0.29657,-0.09363,0.09363
60,315,0.00035,0.00035,-0.28805,0.28805,-0.09364,0.09364
61,320,0.00075,0.00075,-0.12470,0.12470,-0.74961,0.74961
62,325,0.00052,0.00052,0.02257,0.02257,-0.74961,0.74961
63,330,-0.00033,0.00033,0.02929,0.02929,-0.74961,0.74961
64,335,-0.00011,0.00011,-0.00447,0.00447,-0.74961,0.74961
65,340,-0.00120,0.00120,-0.07715,0.07715,1.65084,1.65084
66,345,0.00014,0.00014,-0.09460,0.09460,1.65084,1.65084
67,350,-0.00113,0.00113,-0.08909,0.08909,1.65084,1.65084
68,355,-0.00102,0.00102,0.02376,0.02376,1.65084,1.65084
69,360,-0.00073,0.00073,0.10181,0.10181,-0.30858,0.30858
70,365,0.00022,0.00022,0.23935,0.23935,-0.30858,0.30858
71,370,0.00036,0.00036,0.26092,0.26092,-0.30858,0.30858
72,375,0.00128,0.00128,0.32825,0.32825,-0.30858,0.30858
73,380,0.00004,0.00004,0.32531,0.32531,1.26410,1.26410
74,385,0.00128,0.00128,0.25726,0.25726,1.26410,1.26410
75,390,0.00071,0.00071,0.20700,0.20700,1.26410,1.26410
76,395,0.00019,0.00019,0.18529,0.18529,1.26410,1.26410
77,400,0.00078,0.00078,0.08444,0.08444,-1.63170,1.63170
78,405,-0.00110,0.00110,0.01528,0.01528,-1.63170,1.63170
79,410,0.00013,0.00013,-0.15330,0.15330,-1.63170,1.63170
80,415,0.00075,0.00075,-0.24783,0.24783,-1.63170,1.63170
81,420,-0.00065,0.00065,-0.35752,0.35752,0.16430,0.16430
82,425,-0.00048,0.00048,-0.40535,0.40535,0.16430,0.16430
83,430,-0.00088,0.00088,-0.30207,0.30207,0.16430,0.16430
84,435,-0.00023,0.00023,-0.25662,0.25662,0.16430,0.16430
85,440,-0.00082,0.00082,-0.17648,0.17648,-0.14316,0.14316
86,445,-0.00085,0.00085,-0.09513,0.09513,-0.14316,0.14316
87,450,-0.00024,0.00024,-0.03487,0.03487,-0.14316,0.14316
88,455,0.00005,0.00005,0.02183,0.02183,-0.14316,0.14316
89,460,0.00069,0.00069,0.07133,0.07133,0.81749,0.81749
90,465,0.00032,0.00032,0.17468,0.17468,0.81749,0.81749
91,470,0.00014,0.00014,0.17761,0.17761,0.81750,0.81750
92,475,-0.00031,0.00031,0.22777,0.22777,0.81749,0.81749
93,480,0.00029,0.00029,0.20860,0.20860,0.69603,0.69603
94,485,0.00041,0.00041,0.15816,0.15816,0.69603,0.69603
95,490,-0.00127,0.00127,0.09208,0.09208,0.69603,0.69603
96,495,0.00012,0.00012,0.00281,0.00281,0.69603,0.69603
97,500,0.00018,0.00018,0.00185,0.00185,-0.94443,0.94443
98,505,0.00085,0.00085,-0.07619,0.07619,-0.94443,0.94443
99,510,0.00022,0.00022,-0.14365,0.14365,-0.94443,0.94443
100,515,-0.00034,0.00034,-0.07831,0.07831,-0.94443,0.94443
101,520,0.00016,0.00016,-0.05997,0.05997,-0.04317,0.04317
102,525,-0.00058,0.00058,-0.05068,0.05068,-0.04317,0.04317
103,530,-0.00029,0.00029,-0.11015,0.11015,-0.04317,0.04317
104,535,0.00022,0.00022,-0.08475,0.08475,-0.04317,0.04317
105,540,0.00081,0.00081,-0.01616,0.01616,-0.00935,0.00935
106,545,-0.00019,0.00019,-0.13691,0.13691,-0.00935,0.00935
107,550,-0.00065,0.00065,-0.14663,0.14663,-0.00935,0.00935
108,555,0.00012,0.00012,-0.01911,0.01911,-0.00935,0.00935
109,560,0.00057,0.00057,0.02102,0.02102,-0.54431,0.54431
110,565,-0.00155,0.00155,-0.00964,0.00964,-0.54431,0.54431
111,570,-0.00046,0.00046,-0.00221,0.00221,-0.54431,0.54431
112,575,0.00209,0.00209,0.07845,0.07845,-0.54431,0.54431
113,580,0.00100,0.00100,0.11162,0.11162,-0.25761,0.25761
114,585,0.00045,0.00045,0.00199,0.00199,-0.25761,0.25761
115,590,0.00007,0.00007,0.12414,0.12414,-0.25761,0.25761
116,595,0.00081,0.00081,0.21611,0.21611,-0.25761,0.25761
117,600,0.00002,0.00002,0.07859,0.07859,1.13176,1.13176
118,605,-0.00218,0.00218,0.02468,0.02468,1.13176,1.13176
119,610,-0.00048,0.00048,0.01630,0.01630,1.13176,1.13176
120,615,0.00011,0.00011,0.04082,0.04082,1.13176,1.13176
121,620,-0.00024,0.00024,-0.00630,0.00630,-0.42698,0.42698
122,625,0.00021,0.00021,-0.06254,0.06254,-0.42698,0.42698
123,630,0.00041,0.00041,0.01406,0.01406,-0.42698,0.42698
124,635,0.00057,0.00057,-0.00696,0.00696,-0.42698,0.42698
125,640,0.00009,0.00009,-0.08064,0.08064,-0.35025,0.35025
126,645,-0.00007,0.00007,0.00499,0.00499,-0.35025,0.35025
127,650,-0.00008,0.00008,0.03111,0.03111,-0.35025,0.35025
128,655,0.00001,0.00001,0.03877,0.03877,-0.35025,0.35025
129,660,-0.00090,0.00090,0.00287,0.00287,0.77250,0.77250
130,665,0.00050,0.00050,-0.00376,0.00376,0.77250,0.77250
131,670,-0.00004,0.00004,0.00238,0.00238,0.77250,0.77250
132,675,-0.00014,0.00014,-0.00809,0.00809,0.77250,0.77250
133,680,0.00001,0.00001,-0.01797,0.01797,-0.48713,0.48713
134,685,0.00006,0.00006,0.03868,0.03868,-0.48713,0.48713
135,690,0.00011,0.00011,-0.05561,0.05561,-0.48713,0.48713
136,695,-0.00018,0.00018,-0.13466,0.13466,-0.48713,0.48713
137,700,-0.00023,0.00023,-0.19381,0.19381,-0.22424,0.22424
138,705,0.00059,0.00059,-0.20277,0.20277,-0.22424,0.22424
139,710,-0.00049,0.00049,-0.22231,0.22231,-0.22424,0.22424
140,715,-0.00078,0.00078,-0.25539,0.25539,-0.22424,0.22424
141,720,-0.00032,0.00032,-0.24269,0.24269,-0.64654,0.64654
142,725,-0.00005,0.00005,-0.17898,0.17898,-0.64654,0.64654
143,730,-0.00018,0.00018,-0.20054,0.20054,-0.64654,0.64654
144,735,-0.00035,0.00035,-0.11633,0.11633,-0.64655,0.64655
145,740,0.00005,0.00005,-0.02679,0.02679,-0.52991,0.52991
146,745,0.00099,0.00099,0.04654,0.04654,-0.52991,0.52991
147,750,0.00041,0.00041,0.12032,0.12032,-0.52991,0.52991
148,755,0.00106,0.00106,0.12198,0.12198,-0.52991,0.52991
149,760,0.00008,0.00008,0.19927,0.19927,0.87662,0.87662
150,765,0.00003,0.00003,0.14645,0.14645,0.87662,0.87662
151,770,0.00031,0.00031,0.13632,0.13632,0.87662,0.87662
152,775,-0.00100,0.00100,0.12253,0.12253,0.87662,0.87662
153,780,0.00041,0.00041,0.07360,0.07360,0.25969,0.25969
154,785,-0.00126,0.00126,0.10681,0.10681,0.25969,0.25969
155,790,0.00038,0.00038,0.11022,0.11022,0.25969,0.25969
156,795,-0.00026,0.00026,0.07832,0.07832,0.25970,0.25970
157,800,-0.00088,0.00088,0.06189,0.06189,1.49113,1.49113
158,805,0.00028,0.00028,0.00265,0.00265,1.49113,1.49113
159,810,-0.00026,0.00026,0.05812,0.05812,1.49113,1.49113
160,815,-0.00056,0.00056,-0.02770,0.02770,1.49113,1.49113
161,820,-0.00005,0.00005,-0.05595,0.05595,-1.31164,1.31164
162,825,0.00032,0.00032,-0.03191,0.03191,-1.31164,1.31164
163,830,0.00054,0.00054,-0.13110,0.13110,-1.31164,1.31164
164,835,-0.00015,0.00015,-0.16672,0.16672,-1.31164,1.31164
165,840,-0.00027,0.00027,-0.12677,0.12677,-0.54932,0.54932
166,845,0.00066,0.00066,0.03770,0.03770,-0.54932,0.54932
167,850,-0.00021,0.00021,0.06490,0.06490,-0.54932,0.54932
168,855,0.00030,0.00030,0.13602,0.13602,-0.54932,0.54932
169,860,0.00017,0.00017,0.16885,0.16885,1.36852,1.36852
170,865,0.00116,0.00116,0.15103,0.15103,1.36852,1.36852
171,870,-0.00074,0.00074,0.13706,0.13706,1.36852,1.36852
172,875,0.00020,0.00020,0.06351,0.06351,1.36852,1.36852
173,880,0.00043,0.00043,0.07124,0.07124,-1.38272,1.38272
174,885,-0.00010,0.00010,-0.04081,0.04081,-1.38272,1.38272
175,890,0.00090,0.00090,-0.25687,0.25687,-1.38272,1.38272
176,895,-0.00095,0.00095,-0.25390,0.25390,-1.38272,1.38272
177,900,0.00080,0.00080,-0.28768,0.28768,-1.20870,1.20870
178,905,-0.00023,0.00023,-0.19559,0.19559,-1.20870,1.20870
179,910,-0.00095,0.00095,-0.09894,0.09894,-1.20870,1.20870
180,915,0.00076,0.00076,-0.00830,0.00830,-1.20870,1.20870
181,920,-0.00035,0.00035,0.21739,0.21739,1.36053,1.36053
182,925,0.00041,0.00041,0.22156,0.22156,1.36053,1.36053
183,930,-0.00005,0.00005,0.34220,0.34220,1.36053,1.36053
184,935,0.00085,0.00085,0.50047,0.50047,1.36053,1.36053
185,940,0.00068,0.00068,0.44435,0.44435,2.33493,2.33493
186,945,-0.00112,0.00112,0.27352,0.27352,2.33493,2.33493
187,950,-0.00023,0.00023,0.12879,0.12879,2.33493,2.33493
188,955,-0.00034,0.00034,0.04627,0.04627,2.33493,2.33493
189,960,0.00026,0.00026,-0.04825,0.04825,-1.96189,1.96189
190,965,-0.00130,0.00130,-0.19195,0.19195,-1.96189,1.96189
191,970,-0.00011,0.00011,-0.17057,0.17057,-1.96189,1.96189
192,975,0.00046,0.00046,-0.19551,0.19551,-1.96189,1.96189
193,980,0.00003,0.00003,-0.15112,0.15112,0.05259,0.05259
194,985,-0.00041,0.00041,-0.11532,0.11532,0.05259,0.05259
195,990,0.00051,0.00051,0.05529,0.05529,0.05259,0.05259
196,995,0.00064,0.00064,0.15420,0.15420,0.05259,0.05259
197,1000,0.00173,0.00173,0.10068,0.10068,-0.04335,0.04335
198,1005,-0.00023,0.00023,0.05873,0.05873,-0.04334,0.04334
199,1010,0.00043,0.00043,-0.00905,0.00905,-0.04335,0.04335
200,1015,0.00044,0.00044,-0.03906,0.03906,-0.04334,0.04334
201,1020,-0.00120,0.00120,-0.06086,0.06086,-0.57489,0.57489
202,1025,-0.00031,0.00031,-0.15334,0.15334,-0.57489,0.57489
203,1030,-0.00117,0.00117,-0.09841,0.09841,-0.57489,0.57489
204,1035,0.00037,0.00037,-0.03530,0.03530,-0.57489,0.57489
205,1040,0.00019,0.00019,-0.07308,0.07308,0.20979,0.20979
206,1045,0.00006,0.00006,0.07802,0.07802,0.20979,0.20979
207,1050,0.00053,0.00053,0.07538,0.07538,0.20979,0.20979
208,1055,0.00133,0.00133,0.14617,0.14617,0.20979,0.20979
209,1060,-0.00032,0.00032,0.19539,0.19539,0.20079,0.20079
210,1065,0.00085,0.00085,0.15818,0.15818,0.20079,0.20079
211,1070,-0.00078,0.00078,0.17229,0.17229,0.20078,0.20078
212,1075,-0.00044,0.00044,0.09123,0.09123,0.20078,0.20078
213,1080,0.00030,0.00030,-0.05941,0.05941,0.99187,0.99187
214,1085,-0.00086,0.00086,-0.04718,0.04718,0.99187,0.99187
215,1090,-0.00014,0.00014,-0.12286,0.12286,0.99187,0.99187
216,1095,-0.00124,0.00124,-0.06786,0.06786,0.99187,0.99187
217,1100,-0.00049,0.00049,-0.08135,0.08135,-0.96771,0.96771
218,1105,0.00054,0.00054,-0.09307,0.09307,-0.96771,0.96771
219,1110,0.00026,0.00026,-0.01446,0.01446,-0.96771,0.96771
220,1115,0.00078,0.00078,-0.03982,0.03982,-0.96771,0.96771
221,1120,-0.00112,0.00112,-0.00586,0.00586,1.01715,1.01715
222,1125,0.00010,0.00010,-0.05074,0.05074,1.01715,1.01715
223,1130,0.00042,0.00042,-0.02725,0.02725,1.01715,1.01715
224,1135,-0.00057,0.00057,-0.05842,0.05842,1.01715,1.01715
225,1140,0.00024,0.00024,-0.15768,0.15768,-0.65332,0.65332
226,1145,-0.00140,0.00140,-0.09602,0.09602,-0.65332,0.65332
227,1150,0.00075,0.00075,-0.24252,0.24252,-0.65332,0.65332
228,1155,-0.00043,0.00043,-0.26029,0.26029,-0.65332,0.65332
229,1160,-0.00096,0.00096,-0.24000,0.24000,-0.78097,0.78097
230,1165,0.00090,0.00090,-0.15469,0.15469,-0.78098,0.78098
231,1170,-0.00131,0.00131,-0.03976,0.03976,-0.78098,0.78098
232,1175,0.00114,0.00114,-0.10957,0.10957,-0.78097,0.78097
233,1180,0.00042,0.00042,0.06037,0.06037,-0.15835,0.15835
234,1185,0.00137,0.00137,0.18572,0.18572,-0.15835,0.15835
235,1190,0.00021,0.00021,0.21582,0.21582,-0.15835,0.15835
236,1195,-0.00068,0.00068,0.38230,0.38230,-0.15835,0.15835
237,1200,0.00022,0.00022,0.29587,0.29587,3.17217,3.17217
238,1205,-0.00112,0.00112,0.30840,0.30840,3.17217,3.17217
239,1210,-0.00082,0.00082,0.20500,0.20500,3.17217,3.17217
240,1215,-0.00079,0.00079,0.27811,0.27811,3.17218,3.17218
241,1220,-0.00019,0.00019,0.34998,0.34998,-0.94888,0.94888
242,1225,0.00107,0.00107,0.27095,0.27095,-0.94888,0.94888
243,1230,0.00011,0.00011,0.26299,0.26299,-0.94888,0.94888
244,1235,0.00186,0.00186,0.15935,0.15935,-0.94888,0.94888
245,1240,0.00061,0.00061,0.16039,0.16039,-0.34169,0.34169
246,1245,0.00090,0.00090,0.19584,0.19584,-0.34169,0.34169
247,1250,0.00072,0.00072,0.22283,0.22283,-0.34169,0.34169
248,1255,-0.00055,0.00055,0.24351,0.24351,-0.34169,0.34169
249,1260,0.00074,0.00074,0.14532,0.14532,0.48320,0.48320
250,1265,-0.00041,0.00041,0.07878,0.07878,0.48320,0.48320
251,1270,0.00071,0.00071,0.03585,0.03585,0.48320,0.48320
252,1275,-0.00035,0.00035,-0.09904,0.09904,0.48320,0.48320
253,1280,0.00078,0.00078,-0.10748,0.10748,-1.89976,1.89976
254,1285,0.00039,0.00039,-0.16697,0.16697,-1.89975,1.89975
255,1290,0.00106,0.00106,-0.18862,0.18862,-1.89976,1.89976
256,1295,-0.00062,0.00062,-0.30079,0.30079,-1.89976,1.89976
257,1300,-0.00098,0.00098,-0.38581,0.38581,0.17424,0.17424
258,1305,-0.00006,0.00006,-0.33883,0.33883,0.17425,0.17425
259,1310,-0.00059,0.00059,-0.28855,0.28855,0.17424,0.17424
260,1315,-0.00096,0.00096,-0.29707,0.29707,0.17425,0.17425
261,1320,-0.00162,0.00162,-0.13225,0.13225,0.24636,0.24636
262,1325,0.00034,0.00034,-0.01793,0.01793,0.24636,0.24636
263,1330,0.00001,0.00001,0.00875,0.00875,0.24636,0.24636
264,1335,-0.00028,0.00028,0.11873,0.11873,0.24636,0.24636
265,1340,0.00056,0.00056,0.14775,0.14775,0.82416,0.82416
266,1345,0.00054,0.00054,0.17289,0.17289,0.82416,0.82416
267,1350,0.00001,0.00001,0.09886,0.09886,0.82416,0.82416
268,1355,0.00085,0.00085,0.02870,0.02870,0.82416,0.82416
269,1360,0.00004,0.00004,-0.02032,0.02032,-0.76833,0.76833
270,1365,-0.00063,0.00063,-0.12577,0.12577,-0.76834,0.76834
271,1370,-0.00031,0.00031,-0.17606,0.17606,-0.76834,0.76834
272,1375,-0.00057,0.00057,-0.20218,0.20218,-0.76834,0.76834
273,1380,-0.00093,0.00093,-0.31004,0.31004,-0.02850,0.02850
274,1385,-0.00070,0.00070,-0.25880,0.25880,-0.02850,0.02850
275,1390,0.00019,0.00019,-0.19109,0.19109,-0.02850,0.02850
276,1395,0.00006,0.00006,-0.17744,0.17744,-0.02850,0.02850
277,1400,-0.00049,0.00049,-0.09098,0.09098,0.04323,0.04323
278,1405,0.00043,0.00043,0.00750,0.00750,0.04323,0.04323
279,1410,0.00002,0.00002,0.07029,0.07029,0.04323,0.04323
280,1415,-0.00054,0.00054,0.12055,0.12055,0.04323,0.04323
281,1420,0.00023,0.00023,0.21320,0.21320,0.33374,0.33374
282,1425,0.00048,0.00048,0.32633,0.32633,0.33374,0.33374
283,1430,0.00013,0.00013,0.28105,0.28105,0.33374,0.33374
284,1435,0.00081,0.00081,0.25484,0.25484,0.33374,0.33374
285,1440,0.00130,0.00130,0.23475,0.23475,0.47113,0.47113
286,1445,0.00114,0.00114,0.16679,0.16679,0.47114,0.47114
287,1450,-0.00055,0.00055,-0.04211,0.04211,0.47113,0.47113
288,1455,-0.00065,0.00065,-0.19047,0.19047,0.47113,0.47113
289,1460,0.00025,0.00025,-0.19470,0.19470,-1.94584,1.94584
290,1465,0.00039,0.00039,-0.30272,0.30272,-1.94584,1.94584
291,1470,-0.00168,0.00168,-0.38103,0.38103,-1.94584,1.94584
292,1475,-0.00103,0.00103,-0.35296,0.35296,-1.94584,1.94584
293,1480,0.00069,0.00069,-0.17275,0.17275,0.41567,0.41567
294,1485,-0.00044,0.00044,-0.12790,0.12790,0.41567,0.41567
295,1490,-0.00012,0.00012,-0.02690,0.02690,0.41567,0.41567
296,1495,-0.00006,0.00006,0.24785,0.24785,0.41567,0.41567
297,1500,0.00232,0.00232,0.48238,0.48238,0.47599,0.47599
298,1505,-0.00037,0.00037,0.43308,0.43308,0.47599,0.47599
299,1510,0.00070,0.00070,0.41170,0.41170,0.47599,0.47599
300,1515,0.00149,0.00149,0.42859,0.42859,0.47599,0.47599
301,1520,0.00131,0.00131,0.28552,0.28552,0.77052,0.77052
302,1525,-0.00032,0.00032,0.00683,0.00683,0.77052,0.77052
303,1530,-0.00100,0.00100,-0.08832,0.08832,0.77052,0.77052
304,1535,-0.00004,0.00004,-0.24756,0.24756,0.77052,0.77052
305,1540,-0.00131,0.00131,-0.33632,0.33632,-1.55404,1.55404
306,1545,-0.00113,0.00113,-0.38593,0.38593,-1.55405,1.55405
307,1550,-0.00080,0.00080,-0.31425,0.31425,-1.55405,1.55405
308,1555,-0.00079,0.00079,-0.24095,0.24095,-1.55404,1.55404
309,1560,-0.00009,0.00009,-0.25671,0.25671,0.68013,0.68013
310,1565,0.00054,0.00054,-0.15808,0.15808,0.68013,0.68013
311,1570,0.00091,0.00091,-0.04844,0.04844,0.68013,0.68013
312,1575,0.00026,0.00026,0.01333,0.01333,0.68013,0.68013
313,1580,0.00052,0.00052,0.08250,0.08250,-0.70009,0.70009
314,1585,-0.00016,0.00016,0.09596,0.09596,-0.70009,0.70009
315,1590,0.00019,0.00019,0.01146,0.01146,-0.70009,0.70009
316,1595,-0.00026,0.00026,-0.01203,0.01203,-0.70009,0.70009
317,1600,-0.00102,0.00102,-0.10476,0.10476,0.89239,0.89239
318,1605,0.00001,0.00001,-0.04348,0.04348,0.89239,0.89239
319,1610,-0.00097,0.00097,-0.00699,0.00699,0.89239,0.89239
320,1615,0.00041,0.00041,-0.06938,0.06938,0.89239,0.89239
321,1620,-0.00056,0.00056,0.05360,0.05360,-0.57209,0.57209
322,1625,0.00146,0.00146,0.13602,0.13602,-0.57209,0.57209
323,1630,0.00036,0.00036,0.13641,0.13641,-0.57209,0.57209
324,1635,-0.00091,0.00091,0.15470,0.15470,-0.57209,0.57209
325,1640,0.00076,0.00076,-0.00499,0.00499,1.07869,1.07869
326,1645,0.00023,0.00023,0.02158,0.02158,1.07869,1.07869
327,1650,-0.00008,0.00008,-0.14461,0.14461,1.07869,1.07869
328,1655,-0.00077,0.00077,-0.19400,0.19400,1.07869,1.07869
329,1660,-0.00078,0.00078,-0.07429,0.07429,-1.67976,1.67976
330,1665,0.00050,0.00050,-0.09773,0.09773,-1.67976,1.67976
331,1670,-0.00065,0.00065,-0.03867,0.03867,-1.67976,1.67976
332,1675,0.00017,0.00017,0.01619,0.01619,-1.67976,1.67976
333,1680,-0.00061,0.00061,-0.01279,0.01279,2.41132,2.41132
334,1685,-0.00037,0.00037,-0.02143,0.02143,2.41132,2.41132
335,1690,0.00046,0.00046,-0.05856,0.05856,2.41132,2.41132
336,1695,0.00007,0.00007,0.04052,0.04052,2.41132,2.41132
337,1700,0.00032,0.00032,0.09096,0.09096,-1.71614,1.71614
338,1705,-0.00090,0.00090,0.07194,0.07194,-1.71615,1.71615
339,1710,-0.00009,0.00009,0.06828,0.06828,-1.71615,1.71615
340,1715,0.00100,0.00100,0.00830,0.00830,-1.71615,1.71615
341,1720,-0.00054,0.00054,-0.06944,0.06944,1.06318,1.06318
342,1725,-0.00017,0.00017,-0.10816,0.10816,1.06318,1.06318
343,1730,0.00033,0.00033,0.02289,0.02289,1.06318,1.06318
344,1735,0.00023,0.00023,0.15114,0.15114,1.06318,1.06318
345,1740,0.00026,0.00026,0.10131,0.10131,-0.19667,0.19667
346,1745,-0.00117,0.00117,0.08069,0.08069,-0.19667,0.19667
347,1750,0.00041,0.00041,0.07741,0.07741,-0.19667,0.19667
348,1755,0.00117,0.00117,0.06078,0.06078,-0.19666,0.19666
349,1760,-0.00064,0.00064,-0.00127,0.00127,-0.25674,0.25674
350,1765,-0.00014,0.00014,-0.07329,0.07329,-0.25674,0.25674
351,1770,0.00052,0.00052,0.09791,0.09791,-0.25674,0.25674
352,1775,0.00080,0.00080,0.07300,0.07300,-0.25673,0.25673
353,1780,-0.00021,0.00021,-0.05130,0.05130,0.02804,0.02804
354,1785,-0.00106,0.00106,-0.01392,0.01392,0.02804,0.02804
355,1790,0.00152,0.00152,-0.00999,0.00999,0.02804,0.02804
356,1795,-0.00013,0.00013,-0.08523,0.08523,0.02804,0.02804
357,1800,-0.00055,0.00055,-0.14891,0.14891,-0.78849,0.78849
358,1805,0.00027,0.00027,0.02995,0.02995,-0.78849,0.78849
359,1810,0.00023,0.00023,0.18709,0.18709,-0.78849,0.78849
360,1815,-0.00042,0.00042,0.17288,0.17288,-0.78849,0.78849
361,1820,-0.00146,0.00146,0.10944,0.10944,1.89807,1.89807
362,1825,0.00168,0.00168,0.17126,0.17126,1.89807,1.89807
363,1830,0.00048,0.00048,0.16049,0.16049,1.89807,1.89807
364,1835,0.00024,0.00024,0.05453,0.05453,1.89807,1.89807
365,1840,-0.00056,0.00056,0.03705,0.03705,-1.06260,1.06260
366,1845,0.00062,0.00062,0.11680,0.11680,-1.06260,1.06260
367,1850,0.00025,0.00025,0.00937,0.00937,-1.06260,1.06260
368,1855,-0.00136,0.00136,-0.12722,0.12722,-1.06260,1.06260
369,1860,-0.00126,0.00126,-0.19146,0.19146,0.20167,0.20167
370,1865,0.00080,0.00080,-0.11164,0.11164,0.20167,0.20167
371,1870,0.00086,0.00086,-0.05805,0.05805,0.20167,0.20167
372,1875,-0.00082,0.00082,-0.00210,0.00210,0.20167,0.20167
373,1880,0.00009,0.00009,0.01999,0.01999,0.27998,0.27998
374,1885,0.00000,0.00000,0.08258,0.08258,0.27998,0.27998
375,1890,0.00075,0.00075,0.02764,0.02764,0.27997,0.27997
376,1895,0.00042,0.00042,-0.07362,0.07362,0.27998,0.27998
377,1900,-0.00089,0.00089,-0.07678,0.07678,-1.26355,1.26355
378,1905,0.00059,0.00059,-0.15166,0.15166,-1.26355,1.26355
379,1910,0.00072,0.00072,-0.06663,0.06663,-1.26355,1.26355
380,1915,0.00002,0.00002,-0.12064,0.12064,-1.26355,1.26355
381,1920,-0.00115,0.00115,-0.17519,0.17519,0.70098,0.70098
382,1925,-0.00138,0.00138,0.02035,0.02035,0.70098,0.70098
383,1930,0.00116,0.00116,0.12137,0.12137,0.70098,0.70098
384,1935,-0.00037,0.00037,0.15555,0.15555,0.70098,0.70098
385,1940,-0.00097,0.00097,0.15590,0.15590,1.14634,1.14634
386,1945,0.00098,0.00098,0.36688,0.36688,1.14634,1.14634
387,1950,0.00090,0.00090,0.44989,0.44989,1.14634,1.14634
388,1955,-0.00007,0.00007,0.28190,0.28190,1.14634,1.14634
389,1960,-0.00014,0.00014,0.26301,0.26301,-0.96726,0.96726
390,1965,0.00326,0.00326,0.36406,0.36406,-0.96727,0.96727
391,1970,0.00092,0.00092,0.27509,0.27509,-0.96726,0.96726
392,1975,-0.00067,0.00067,0.00553,0.00553,-0.96726,0.96726
393,1980,-0.00041,0.00041,-0.11334,0.11334,0.21594,0.21594
394,1985,0.00122,0.00122,-0.07074,0.07074,0.21594,0.21594
395,1990,0.00004,0.00004,-0.21916,0.21916,0.21594,0.21594
396,1995,-0.00302,0.00302,-0.34129,0.34129,0.21594,0.21594
397,2000,-0.00075,0.00075,-0.20707,0.20707,-1.12114,1.12114
398,2005,0.00065,0.00065,-0.09524,0.09524,-1.12114,1.12114
399,2010,0.00091,0.00091,-0.13752,0.13752,-1.12114,1.12114
400,2015,-0.00100,0.00100,-0.12099,0.12099,-1.12114,1.12114
401,2020,0.00012,0.00012,-0.04177,0.04177,1.56785,1.56785
402,2025,0.00067,0.00067,-0.05041,0.05041,1.56784,1.56784
403,2030,-0.00024,0.00024,-0.12362,0.12362,1.56784,1.56784
404,2035,-0.00045,0.00045,-0.23101,0.23101,1.56785,1.56785
405,2040,-0.00075,0.00075,-0.07137,0.07137,-1.48847,1.48847
406,2045,-0.00069,0.00069,-0.13393,0.13393,-1.48847,1.48847
407,2050,-0.00035,0.00035,-0.18714,0.18714,-1.48847,1.48847
408,2055,-0.00066,0.00066,-0.12996,0.12996,-1.48847,1.48847
409,2060,0.00051,0.00051,-0.14847,0.14847,0.87134,0.87134
410,2065,-0.00052,0.00052,0.03372,0.03372,0.87134,0.87134
411,2070,0.00018,0.00018,0.15041,0.15041,0.87134,0.87134
412,2075,0.00109,0.00109,0.24880,0.24880,0.87134,0.87134
413,2080,-0.00049,0.00049,0.29106,0.29106,1.09021,1.09021
414,2085,0.00080,0.00080,0.16084,0.16084,1.09020,1.09020
415,2090,-0.00022,0.00022,0.03789,0.03789,1.09021,1.09021
416,2095,-0.00018,0.00018,-0.13901,0.13901,1.09021,1.09021
417,2100,0.00061,0.00061,-0.09892,0.09892,-2.50008,2.50008
418,2105,0.00026,0.00026,0.06099,0.06099,-2.50008,2.50008
419,2110,-0.00065,0.00065,-0.00226,0.00226,-2.50008,2.50008
420,2115,-0.00083,0.00083,0.08730,0.08730,-2.50008,2.50008
421,2120,0.00077,0.00077,0.05214,0.05214,2.61630,2.61630
422,2125,0.00129,0.00129,0.07019,0.07019,2.61630,2.61630
423,2130,-0.00110,0.00110,0.08522,0.08522,2.61630,2.61630
424,2135,0.00040,0.00040,0.08361,0.08361,2.61630,2.61630
425,2140,0.00034,0.00034,0.22524,0.22524,-0.86109,0.86109
426,2145,-0.00002,0.00002,0.12191,0.12191,-0.86108,0.86108
427,2150,-0.00042,0.00042,0.06599,0.06599,-0.86108,0.86108
428,2155,-0.00160,0.00160,0.07014,0.07014,-0.86109,0.86109
429,2160,-0.00017,0.00017,-0.03004,0.03004,0.47041,0.47041
430,2165,0.00028,0.00028,0.01284,0.01284,0.47041,0.47041
431,2170,0.00157,0.00157,0.05680,0.05680,0.47041,0.47041
432,2175,0.00017,0.00017,0.05623,0.05623,0.47041,0.47041
433,2180,0.00046,0.00046,0.12365,0.12365,-0.41865,0.41865
434,2185,0.00079,0.00079,0.15665,0.15665,-0.41865,0.41865
435,2190,0.00046,0.00046,0.10068,0.10068,-0.41865,0.41865
436,2195,-0.00067,0.00067,0.05030,0.05030,-0.41865,0.41865
437,2200,-0.00123,0.00123,-0.09504,0.09504,0.45770,0.45770
438,2205,0.00038,0.00038,-0.07689,0.07689,0.45770,0.45770
439,2210,-0.00064,0.00064,-0.23592,0.23592,0.45770,0.45770
440,2215,0.00075,0.00075,-0.32348,0.32348,0.45770,0.45770
441,2220,-0.00080,0.00080,-0.21345,0.21345,-2.05861,2.05861
442,2225,0.00168,0.00168,-0.19051,0.19051,-2.05861,2.05861
443,2230,-0.00090,0.00090,-0.09590,0.09590,-2.05861,2.05861
444,2235,-0.00006,0.00006,-0.18667,0.18667,-2.05861,2.05861
445,2240,0.00042,0.00042,-0.15975,0.15975,0.85775,0.85775
446,2245,-0.00107,0.00107,0.02438,0.02438,0.85775,0.85775
447,2250,0.00171,0.00171,-0.01567,0.01567,0.85775,0.85775
448,2255,-0.00236,0.00236,0.20900,0.20900,0.85775,0.85775
449,2260,0.00095,0.00095,0.14889,0.14889,0.88545,0.88545
450,2265,0.00058,0.00058,0.10700,0.10700,0.88545,0.88545
451,2270,-0.00064,0.00064,0.06361,0.06361,0.88545,0.88545
452,2275,0.00114,0.00114,-0.13796,0.13796,0.88545,0.88545
453,2280,-0.00130,0.00130,0.02818,0.02818,-1.61793,1.61793
454,2285,0.00112,0.00112,-0.08364,0.08364,-1.61793,1.61793
455,2290,-0.00040,0.00040,-0.16551,0.16551,-1.61793,1.61793
456,2295,-0.00022,0.00022,-0.11744,0.11744,-1.61793,1.61793
457,2300,0.00021,0.00021,-0.07994,0.07994,1.15939,1.15939
458,2305,-0.00104,0.00104,0.03242,0.03242,1.15939,1.15939
459,2310,-0.00092,0.00092,-0.00986,0.00986,1.15939,1.15939
460,2315,0.00000,0.00000,0.10223,0.10223,1.15939,1.15939
461,2320,0.00191,0.00191,0.21224,0.21224,0.61926,0.61926
462,2325,-0.00070,0.00070,0.16961,0.16961,0.61927,0.61927
463,2330,-0.00083,0.00083,0.10059,0.10059,0.61926,0.61926
464,2335,0.00019,0.00019,0.22581,0.22581,0.61926,0.61926
465,2340,0.00071,0.00071,0.13376,0.13376,-0.03258,0.03258
466,2345,0.00018,0.00018,-0.01896,0.01896,-0.03258,0.03258
467,2350,-0.00151,0.00151,-0.02056,0.02056,-0.03258,0.03258
468,2355,0.00181,0.00181,-0.08249,0.08249,-0.03258,0.03258
469,2360,-0.00037,0.00037,-0.10790,0.10790,-0.87299,0.87299
470,2365,0.00023,0.00023,-0.17204,0.17204,-0.87299,0.87299
471,2370,0.00011,0.00011,-0.11038,0.11038,-0.87299,0.87299
472,2375,-0.00101,0.00101,-0.02753,0.02753,-0.87299,0.87299
473,2380,-0.00006,0.00006,-0.13662,0.13662,0.31654,0.31654
474,2385,-0.00055,0.00055,0.00321,0.00321,0.31654,0.31654
475,2390,0.00100,0.00100,0.01625,0.01625,0.31654,0.31654
476,2395,-0.00034,0.00034,0.06875,0.06875,0.31654,0.31654
477,2400,0.00033,0.00033,0.18137,0.18137,-0.59671,0.59671
478,2405,0.00177,0.00177,0.19795,0.19795,-0.59671,0.59671
479,2410,0.00029,0.00029,0.23814,0.23814,-0.59671,0.59671
480,2415,0.00082,0.00082,0.09104,0.09104,-0.59671,0.59671
481,2420,0.00030,0.00030,0.15056,0.15056,0.08699,0.08699
482,2425,0.00034,0.00034,0.12549,0.12549,0.08700,0.08700
483,2430,0.00024,0.00024,0.02584,0.02584,0.08700,0.08700
484,2435,-0.00130,0.00130,0.10827,0.10827,0.08700,0.08700
485,2440,-0.00004,0.00004,0.01026,0.01026,1.52231,1.52231
486,2445,-0.00127,0.00127,-0.05194,0.05194,1.52230,1.52230
487,2450,-0.00106,0.00106,-0.11588,0.11588,1.52231,1.52231
488,2455,0.00046,0.00046,-0.11726,0.11726,1.52231,1.52231
489,2460,-0.00078,0.00078,-0.04565,0.04565,-0.62411,0.62411
490,2465,-0.00032,0.00032,-0.11173,0.11173,-0.62411,0.62411
491,2470,-0.00031,0.00031,-0.12132,0.12132,-0.62412,0.62412
492,2475,0.00062,0.00062,-0.06091,0.06091,-0.62411,0.62411
493,2480,-0.00019,0.00019,-0.27660,0.27660,0.22356,0.22356
494,2485,-0.00039,0.00039,-0.29591,0.29591,0.22357,0.22357
495,2490,-0.00070,0.00070,-0.25184,0.25184,0.22357,0.22357
496,2495,0.00067,0.00067,-0.26625,0.26625,0.22356,0.22356
497,2500,-0.00117,0.00117,-0.21941,0.21941,-1.89915,1.89915
498,2505,-0.00038,0.00038,-0.18814,0.18814,-1.89915,1.89915
499,2510,0.00112,0.00112,-0.08621,0.08621,-1.89915,1.89915
500,2515,0.00017,0.00017,-0.04502,0.04502,-1.89915,1.89915
501,2520,0.00022,0.00022,-0.13047,0.13047,1.46548,1.46548
502,2525,-0.00038,0.00038,-0.04723,0.04723,1.46548,1.46548
503,2530,0.00059,0.00059,0.06746,0.06746,1.46548,1.46548
504,2535,-0.00072,0.00072,0.06335,0.06335,1.46548,1.46548
505,2540,-0.00010,0.00010,0.07631,0.07631,-0.92461,0.92461
506,2545,-0.00035,0.00035,0.02072,0.02072,-0.92461,0.92461
507,2550,0.00096,0.00096,-0.03620,0.03620,-0.92461,0.92461
508,2555,0.00050,0.00050,-0.03593,0.03593,-0.92461,0.92461
509,2560,-0.00036,0.00036,-0.09418,0.09418,-0.58362,0.58362
510,2565,0.00045,0.00045,-0.00594,0.00594,-0.58362,0.58362
511,2570,-0.00016,0.00016,0.08542,0.08542,-0.58362,0.58362
512,2575,0.00174,0.00174,0.13329,0.13329,-0.58362,0.58362
513,2580,-0.00162,0.00162,0.12565,0.12565,1.35192,1.35192
514,2585,0.00008,0.00008,0.12116,0.12116,1.35192,1.35192
515,2590,-0.00012,0.00012,0.18157,0.18157,1.35192,1.35192
516,2595,0.00047,0.00047,0.28715,0.28715,1.35192,1.35192
517,2600,-0.00067,0.00067,0.28418,0.28418,0.94241,0.94241
518,2605,-0.00129,0.00129,0.28957,0.28957,0.94241,0.94241
519,2610,0.00059,0.00059,0.29687,0.29687,0.94241,0.94241
520,2615,0.00072,0.00072,0.28779,0.28779,0.94241,0.94241
521,2620,0.00116,0.00116,0.19612,0.19612,0.36025,0.36025
522,2625,-0.00097,0.00097,0.07568,0.07568,0.36026,0.36026
523,2630,0.00076,0.00076,0.02631,0.02631,0.36025,0.36025
524,2635,0.00029,0.00029,-0.10709,0.10709,0.36025,0.36025
525,2640,0.00088,0.00088,-0.09992,0.09992,-2.07152,2.07152
526,2645,-0.00096,0.00096,-0.17373,0.17373,-2.07152,2.07152
527,2650,-0.00041,0.00041,-0.14586,0.14586,-2.07152,2.07152
528,2655,0.00009,0.00009,-0.19521,0.19521,-2.07152,2.07152
529,2660,0.00073,0.00073,-0.25767,0.25767,1.12869,1.12869
530,2665,-0.00048,0.00048,-0.16405,0.16405,1.12869,1.12869
531,2670,-0.00094,0.00094,-0.05858,0.05858,1.12869,1.12869
532,2675,-0.00049,0.00049,0.05077,0.05077,1.12869,1.12869
533,2680,-0.00057,0.00057,0.15182,0.15182,0.06095,0.06095
534,2685,0.00122,0.00122,0.08163,0.08163,0.06095,0.06095
535,2690,-0.00042,0.00042,0.02456,0.02456,0.06096,0.06096
536,2695,0.00020,0.00020,-0.02539,0.02539,0.06095,0.06095
537,2700,0.00132,0.00132,-0.10006,0.10006,-1.29779,1.29779
538,2705,0.00094,0.00094,-0.07291,0.07291,-1.29779,1.29779
539,2710,-0.00006,0.00006,-0.22854,0.22854,-1.29779,1.29779
540,2715,-0.00040,0.00040,-0.22745,0.22745,-1.29779,1.29779
541,2720,-0.00076,0.00076,-0.18412,0.18412,-0.57933,0.57933
542,2725,0.00023,0.00023,-0.20049,0.20049,-0.57933,0.57933
543,2730,-0.00098,0.00098,-0.20874,0.20874,-0.57933,0.57933
544,2735,-0.00004,0.00004,-0.17967,0.17967,-0.57933,0.57933
545,2740,0.00014,0.00014,-0.15183,0.15183,1.43246,1.43246
546,2745,-0.00049,0.00049,-0.11837,0.11837,1.43246,1.43246
547,2750,-0.00073,0.00073,-0.09425,0.09425,1.43246,1.43246
548,2755,-0.00112,0.00112,-0.00442,0.00442,1.43246,1.43246
549,2760,-0.00030,0.00030,0.06639,0.06639,-0.66846,0.66846
550,2765,-0.00016,0.00016,0.08850,0.08850,-0.66846,0.66846
551,2770,0.00068,0.00068,0.12937,0.12937,-0.66846,0.66846
552,2775,0.00055,0.00055,0.13999,0.13999,-0.66846,0.66846
553,2780,0.00053,0.00053,0.02840,0.02840,0.47130,0.47130
554,2785,0.00104,0.00104,0.02236,0.02236,0.47130,0.47130
555,2790,0.00073,0.00073,0.05084,0.05084,0.47130,0.47130
556,2795,-0.00001,0.00001,-0.02329,0.02329,0.47130,0.47130
557,2800,-0.00155,0.00155,0.01803,0.01803,-1.05676,1.05676
558,2805,-0.00018,0.00018,0.01212,0.01212,-1.05676,1.05676
559,2810,0.00053,0.00053,0.09102,0.09102,-1.05676,1.05676
560,2815,-0.00032,0.00032,0.04203,0.04203,-1.05676,1.05676
561,2820,-0.00016,0.00016,0.09600,0.09600,1.80013,1.80013
562,2825,-0.00031,0.00031,0.21633,0.21633,1.80013,1.80013
563,2830,0.00160,0.00160,0.24321,0.24321,1.80013,1.80013
564,2835,-0.00083,0.00083,0.25947,0.25947,1.80013,1.80013
565,2840,0.00110,0.00110,0.20862,0.20862,0.07679,0.07679
566,2845,-0.00021,0.00021,0.17428,0.17428,0.07679,0.07679
567,2850,-0.00037,0.00037,0.05525,0.05525,0.07679,0.07679
568,2855,0.00016,0.00016,-0.08006,0.08006,0.07679,0.07679
569,2860,-0.00139,0.00139,-0.03621,0.03621,-0.65247,0.65247
570,2865,0.00066,0.00066,-0.08737,0.08737,-0.65247,0.65247
571,2870,-0.00089,0.00089,-0.04516,0.04516,-0.65247,0.65247
572,2875,0.00075,0.00075,0.00486,0.00486,-0.65247,0.65247
573,2880,0.00064,0.00064,-0.13448,0.13448,0.46991,0.46991
574,2885,0.00003,0.00003,-0.05824,0.05824,0.46991,0.46991
575,2890,0.00026,0.00026,-0.19462,0.19462,0.46991,0.46991
576,2895,0.00023,0.00023,-0.15563,0.15563,0.46991,0.46991
577,2900,-0.00118,0.00118,-0.08828,0.08828,-1.62720,1.62720
578,2905,0.00042,0.00042,-0.14345,0.14345,-1.62720,1.62720
579,2910,-0.00104,0.00104,-0.14171,0.14171,-1.62720,1.62720
580,2915,0.00030,0.00030,-0.21292,0.21292,-1.62720,1.62720
581,2920,0.00130,0.00130,-0.21100,0.21100,0.32939,0.32939
582,2925,-0.00019,0.00019,-0.09672,0.09672,0.32939,0.32939
583,2930,0.00014,0.00014,-0.08507,0.08507,0.32939,0.32939
584,2935,-0.00083,0.00083,0.12207,0.12207,0.32939,0.32939
585,2940,0.00018,0.00018,0.14042,0.14042,0.60868,0.60868
586,2945,-0.00055,0.00055,0.07976,0.07976,0.60868,0.60868
587,2950,-0.00065,0.00065,0.14572,0.14572,0.60868,0.60868
588,2955,0.00111,0.00111,0.14488,0.14488,0.60868,0.60868
589,2960,-0.00034,0.00034,0.15207,0.15207,0.04330,0.04330
590,2965,0.00046,0.00046,0.04272,0.04272,0.04330,0.04330
591,2970,0.00106,0.00106,0.07464,0.07464,0.04330,0.04330
592,2975,0.00029,0.00029,0.10011,0.10011,0.04330,0.04330
593,2980,-0.00012,0.00012,-0.05929,0.05929,-0.72857,0.72857
594,2985,-0.00087,0.00087,-0.01012,0.01012,-0.72857,0.72857
595,2990,0.00073,0.00073,-0.02776,0.02776,-0.72857,0.72857
596,2995,0.00052,0.00052,-0.16301,0.16301,-0.72857,0.72857
597,3000,-0.00112,0.00112,-0.19037,0.19037,-0.09090,0.09090
598,3005,0.00054,0.00054,-0.22665,0.22665,-0.09090,0.09090
599,3010,0.00025,0.00025,-0.21611,0.21611,-0.09090,0.09090
600,3015,-0.00109,0.00109,-0.22499,0.22499,-0.09090,0.09090
601,3020,-0.00015,0.00015,-0.21191,0.21191,0.02135,0.02135
602,3025,-0.00114,0.00114,-0.08739,0.08739,0.02135,0.02135
603,3030,-0.00112,0.00112,-0.12475,0.12475,0.02135,0.02135
604,3035,0.00016,0.00016,-0.09739,0.09739,0.02135,0.02135
605,3040,-0.00008,0.00008,0.02619,0.02619,0.71885,0.71885
606,3045,0.00048,0.00048,0.03858,0.03858,0.71885,0.71885
607,3050,-0.00053,0.00053,0.13152,0.13152,0.71885,0.71885
608,3055,0.00025,0.00025,0.27993,0.27993,0.71885,0.71885
609,3060,0.00040,0.00040,0.23717,0.23717,0.87340,0.87340
610,3065,-0.00043,0.00043,0.20025,0.20025,0.87340,0.87340
611,3070,-0.00008,0.00008,0.09311,0.09311,0.87340,0.87340
612,3075,0.00085,0.00085,0.02896,0.02896,0.87340,0.87340
613,3080,0.00025,0.00025,0.01593,0.01593,-1.39994,1.39994
614,3085,0.00051,0.00051,-0.02642,0.02642,-1.39994,1.39994
615,3090,-0.00010,0.00010,0.03909,0.03909,-1.39994,1.39994
616,3095,-0.00039,0.00039,0.02674,0.02674,-1.39994,1.39994
617,3100,-0.00009,0.00009,-0.09181,0.09181,0.93014,0.93014
618,3105,-0.00033,0.00033,-0.07762,0.07762,0.93014,0.93014
619,3110,0.00062,0.00062,-0.03988,0.03988,0.93014,0.93014
620,3115,-0.00032,0.00032,-0.03450,0.03450,0.93014,0.93014
621,3120,0.00013,0.00013,0.01051,0.01051,-1.32221,1.32221
622,3125,0.00044,0.00044,0.01393,0.01393,-1.32221,1.32221
623,3130,0.00108,0.00108,0.04438,0.04438,-1.32221,1.32221
624,3135,-0.00005,0.00005,-0.01222,0.01222,-1.32221,1.32221
625,3140,-0.00090,0.00090,-0.11710,0.11710,0.83258,0.83258
626,3145,0.00002,0.00002,-0.10065,0.10065,0.83258,0.83258
627,3150,0.00023,0.00023,-0.00376,0.00376,0.83258,0.83258
628,3155,-0.00026,0.00026,0.01916,0.01916,0.83258,0.83258
629,3160,-0.00166,0.00166,0.06326,0.06326,0.23640,0.23640
630,3165,-0.00047,0.00047,0.10215,0.10215,0.23640,0.23640
631,3170,0.00116,0.00116,0.07978,0.07978,0.23640,0.23640
632,3175,0.00059,0.00059,0.01357,0.01357,0.23640,0.23640
633,3180,0.00011,0.00011,-0.00741,0.00741,-0.32157,0.32157
634,3185,0.00038,0.00038,0.08295,0.08295,-0.32157,0.32157
635,3190,0.00030,0.00030,0.17118,0.17118,-0.32157,0.32157
636,3195,-0.00021,0.00021,0.08414,0.08414,-0.32157,0.32157
637,3200,-0.00049,0.00049,-0.03292,0.03292,0.63141,0.63141
638,3205,-0.00039,0.00039,0.01559,0.01559,0.63141,0.63141
639,3210,0.00076,0.00076,-0.06701,0.06701,0.63142,0.63142
640,3215,-0.00049,0.00049,-0.09875,0.09875,0.63141,0.63141
641,3220,-0.00058,0.00058,-0.08500,0.08500,-1.11002,1.11002
642,3225,0.00135,0.00135,-0.05106,0.05106,-1.11003,1.11003
643,3230,-0.00053,0.00053,0.04199,0.04199,-1.11003,1.11003
644,3235,0.00022,0.00022,-0.03881,0.03881,-1.11002,1.11002
645,3240,-0.00062,0.00062,0.08627,0.08627,0.80971,0.80971
646,3245,-0.00003,0.00003,0.16589,0.16589,0.80971,0.80971
647,3250,0.00104,0.00104,0.17638,0.17638,0.80971,0.80971
648,3255,-0.00067,0.00067,0.30416,0.30416,0.80971,0.80971
649,3260,0.00130,0.00130,0.32354,0.32354,1.10183,1.10183
650,3265,-0.00052,0.00052,0.33579,0.33579,1.10182,1.10182
651,3270,0.00028,0.00028,0.24101,0.24101,1.10182,1.10182
652,3275,0.00033,0.00033,0.16679,0.16679,1.10183,1.10183
653,3280,-0.00010,0.00010,0.15742,0.15742,0.02817,0.02817
654,3285,0.00002,0.00002,0.11688,0.11688,0.02817,0.02817
655,3290,-0.00115,0.00115,0.12762,0.12762,0.02817,0.02817
656,3295,0.00026,0.00026,-0.01243,0.01243,0.02817,0.02817
657,3300,0.00033,0.00033,-0.10015,0.10015,-1.25547,1.25547
658,3305,0.00196,0.00196,-0.15950,0.15950,-1.25547,1.25547
659,3310,0.00098,0.00098,-0.21231,0.21231,-1.25547,1.25547
660,3315,-0.00070,0.00070,-0.29277,0.29277,-1.25547,1.25547
661,3320,0.00009,0.00009,-0.40867,0.40867,-1.04215,1.04215
662,3325,-0.00047,0.00047,-0.35266,0.35266,-1.04215,1.04215
663,3330,-0.00025,0.00025,-0.40171,0.40171,-1.04214,1.04214
664,3335,-0.00188,0.00188,-0.40544,0.40544,-1.04215,1.04215
665,3340,-0.00170,0.00170,-0.31444,0.31444,0.11880,0.11880
666,3345,0.00048,0.00048,-0.22915,0.22915,0.11880,0.11880
667,3350,0.00038,0.00038,-0.10022,0.10022,0.11880,0.11880
668,3355,0.00015,0.00015,-0.01367,0.01367,0.11880,0.11880
669,3360,-0.00056,0.00056,0.11391,0.11391,1.16436,1.16436
670,3365,0.00025,0.00025,0.13912,0.13912,1.16436,1.16436
671,3370,0.00041,0.00041,0.10846,0.10846,1.16436,1.16436
672,3375,-0.00006,0.00006,0.02487,0.02487,1.16437,1.16437
673,3380,0.00031,0.00031,0.08450,0.08450,-1.19041,1.19041
674,3385,-0.00055,0.00055,0.16697,0.16697,-1.19040,1.19040
675,3390,0.00071,0.00071,0.13558,0.13558,-1.19041,1.19041
676,3395,-0.00026,0.00026,0.14504,0.14504,-1.19041,1.19041
677,3400,0.00042,0.00042,0.04748,0.04748,1.39183,1.39183
678,3405,0.00067,0.00067,0.08456,0.08456,1.39183,1.39183
679,3410,-0.00039,0.00039,0.16184,0.16184,1.39183,1.39183
680,3415,0.00044,0.00044,0.06764,0.06764,1.39183,1.39183
681,3420,-0.00032,0.00032,0.09475,0.09475,-1.23460,1.23460
682,3425,0.00094,0.00094,0.06672,0.06672,-1.23459,1.23459
683,3430,0.00075,0.00075,-0.01733,0.01733,-1.23459,1.23459
684,3435,-0.00081,0.00081,-0.07769,0.07769,-1.23460,1.23460
685,3440,-0.00090,0.00090,-0.19850,0.19850,0.73856,0.73856
686,3445,0.00032,0.00032,-0.07382,0.07382,0.73856,0.73856
687,3450,-0.00035,0.00035,-0.03688,0.03688,0.73856,0.73856
688,3455,-0.00102,0.00102,-0.03605,0.03605,0.73856,0.73856
689,3460,-0.00115,0.00115,0.17669,0.17669,0.67472,0.67472
690,3465,0.00066,0.00066,0.25496,0.25496,0.67472,0.67472
691,3470,0.00048,0.00048,0.27962,0.27962,0.67472,0.67472
692,3475,-0.00031,0.00031,0.26342,0.26342,0.67472,0.67472
693,3480,0.00145,0.00145,0.30088,0.30088,0.98024,0.98024
694,3485,0.00025,0.00025,0.32884,0.32884,0.98024,0.98024
695,3490,0.00059,0.00059,0.16922,0.16922,0.98024,0.98024
696,3495,-0.00075,0.00075,0.08844,0.08844,0.98024,0.98024
697,3500,0.00058,0.00058,0.14726,0.14726,-1.00898,1.00898
698,3505,0.00026,0.00026,0.05828,0.05828,-1.00898,1.00898
699,3510,-0.00103,0.00103,-0.01713,0.01713,-1.00898,1.00898
700,3515,0.00010,0.00010,-0.14059,0.14059,-1.00898,1.00898
701,3520,0.00139,0.00139,-0.19119,0.19119,-0.63116,0.63116
702,3525,0.00089,0.00089,-0.23102,0.23102,-0.63116,0.63116
703,3530,-0.00008,0.00008,-0.31607,0.31607,-0.63116,0.63116
704,3535,-0.00053,0.00053,-0.22168,0.22168,-0.63116,0.63116
705,3540,-0.00042,0.00042,-0.19562,0.19562,-1.08902,1.08902
706,3545,-0.00003,0.00003,-0.22942,0.22942,-1.08903,1.08903
707,3550,-0.00110,0.00110,-0.29004,0.29004,-1.08903,1.08903
708,3555,0.00057,0.00057,-0.26567,0.26567,-1.08902,1.08902
709,3560,-0.00088,0.00088,-0.25756,0.25756,1.48920,1.48920
710,3565,-0.00036,0.00036,-0.10488,0.10488,1.48920,1.48920
711,3570,-0.00130,0.00130,0.15344,0.15344,1.48920,1.48920
712,3575,-0.00087,0.00087,0.45315,0.45315,1.48920,1.48920
713,3580,-0.00147,0.00147,0.45268,0.45268,1.26706,1.26706
714,3585,0.00077,0.00077,0.41088,0.41088,1.26706,1.26706
715,3590,0.00290,0.00290,0.31377,0.31377,1.26706,1.26706
716,3595,0.00251,0.00251,0.33613,0.33613,1.26706,1.26706
717,3600,0.00072,0.00072,0.60692,0.60692,-1.35967,1.35967
718,3605,0.00003,0.00003,0.86563,0.86563,-1.35967,1.35967
719,3610,-0.00036,0.00036,0.87588,0.87588,-1.35967,1.35967
720,3615,0.00067,0.00067,0.80637,0.80637,-1.35967,1.35967
721,3620,0.00336,0.00336,0.77325,0.77325,1.90057,1.90057
722,3625,0.00244,0.00244,0.60899,0.60899,1.90056,1.90056
723,3630,0.00058,0.00058,0.48101,0.48101,1.90057,1.90057
724,3635,0.00140,0.00140,0.72450,0.72450,1.90057,1.90057
725,3640,0.00246,0.00246,1.00966,1.00966,0.39783,0.39783
726,3645,-0.00297,0.00297,0.77562,0.77562,0.39783,0.39783
727,3650,-0.00306,0.00306,0.92416,0.92416,0.39782,0.39782
728,3655,0.00266,0.00266,1.24083,1.24083,0.39783,0.39783
729,3660,0.00370,0.00370,1.05365,1.05365,1.59892,1.59892
730,3665,-0.00033,0.00033,0.67600,0.67600,1.59892,1.59892
731,3670,0.00505,0.00505,0.99697,0.99697,1.59891,1.59891
732,3675,0.00597,0.00597,1.29959,1.29959,1.59892,1.59892
733,3680,-0.00065,0.00065,0.99585,0.99585,0.05944,0.05944
734,3685,-0.00357,0.00357,0.54857,0.54857,0.05944,0.05944
735,3690,0.00250,0.00250,0.44609,0.44609,0.05944,0.05944
736,3695,0.00211,0.00211,0.32370,0.32370,0.05944,0.05944
737,3700,-0.00253,0.00253,-0.18215,0.18215,0.74457,0.74457
738,3705,-0.00319,0.00319,-0.02988,0.02988,0.74456,0.74456
739,3710,-0.00154,0.00154,-0.07476,0.07476,0.74457,0.74457
740,3715,0.00352,0.00352,-0.00891,0.00891,0.74456,0.74456
741,3720,-0.00030,0.00030,0.26338,0.26338,-2.06874,2.06874
742,3725,0.00305,0.00305,-0.06876,0.06876,-2.06875,2.06875
743,3730,-0.00311,0.00311,-0.02309,0.02309,-2.06874,2.06874
744,3735,0.00478,0.00478,-0.36251,0.36251,-2.06874,2.06874
745,3740,0.00701,0.00701,-0.34756,0.34756,-0.67558,0.67558
746,3745,-0.00720,0.00720,-0.35248,0.35248,-0.67558,0.67558
747,3750,-0.00164,0.00164,-0.73661,0.73661,-0.67558,0.67558
748,3755,-0.00633,0.00633,0.16914,0.16914,-0.67558,0.67558
749,3760,0.00273,0.00273,-0.32826,0.32826,2.58734,2.58734
750,3765,-0.00300,0.00300,-0.72477,0.72477,2.58734,2.58734
751,3770,-0.00589,0.00589,-0.62725,0.62725,2.58734,2.58734
752,3775,0.00918,0.00918,-0.56085,0.56085,2.58734,2.58734
753,3780,-0.00286,0.00286,-0.08019,0.08019,-3.04577,3.04577
754,3785,0.00181,0.00181,-0.92935,0.92935,-3.04577,3.04577
755,3790,-0.00426,0.00426,-0.69177,0.69177,-3.04577,3.04577
756,3795,0.00079,0.00079,-0.26521,0.26521,-3.04577,3.04577
757,3800,0.00141,0.00141,-0.93903,0.93903,-0.35435,0.35435
758,3805,-0.00960,0.00960,-0.91567,0.91567,-0.35435,0.35435
759,3810,0.00257,0.00257,-0.81528,0.81528,-0.35435,0.35435
760,3815,0.00279,0.00279,-0.29147,0.29147,-0.35435,0.35435
761,3820,-0.00098,0.00098,-0.58183,0.58183,0.93373,0.93373
762,3825,-0.00471,0.00471,-0.53416,0.53416,0.93373,0.93373
763,3830,0.00123,0.00123,0.07639,0.07639,0.93373,0.93373
764,3835,0.00212,0.00212,-0.20687,0.20687,0.93373,0.93373
765,3840,-0.00448,0.00448,-0.48690,0.48690,-2.18204,2.18204
766,3845,0.00322,0.00322,-0.39372,0.39372,-2.18204,2.18204
767,3850,0.00148,0.00148,-0.18579,0.18579,-2.18204,2.18204
768,3855,-0.00107,0.00107,-0.72772,0.72772,-2.18204,2.18204
769,3860,-0.00183,0.00183,-0.71007,0.71007,-0.34064,0.34064
770,3865,0.00127,0.00127,-0.35771,0.35771,-0.34064,0.34064
771,3870,-0.00057,0.00057,-0.68871,0.68871,-0.34064,0.34064
772,3875,-0.00698,0.00698,-0.76031,0.76031,-0.34064,0.34064
773,3880,0.00300,0.00300,-0.59763,0.59763,-0.11595,0.11595
774,3885,0.00016,0.00016,-0.56726,0.56726,-0.11595,0.11595
775,3890,-0.00339,0.00339,-0.70508,0.70508,-0.11595,0.11595
776,3895,-0.00086,0.00086,-0.62607,0.62607,-0.11595,0.11595
777,3900,0.00075,0.00075,-0.04623,0.04623,-0.65918,0.65918
778,3905,-0.00115,0.00115,-0.23874,0.23874,-0.65918,0.65918
779,3910,-0.00082,0.00082,0.08858,0.08858,-0.65918,0.65918
780,3915,0.00091,0.00091,0.45085,0.45085,-0.65918,0.65918
781,3920,0.00112,0.00112,0.36059,0.36059,2.23418,2.23418
782,3925,-0.00149,0.00149,0.35429,0.35429,2.23417,2.23417
783,3930,0.00423,0.00423,0.41089,0.41089,2.23418,2.23418
784,3935,0.00125,0.00125,0.41445,0.41445,2.23417,2.23417
785,3940,-0.00201,0.00201,0.13705,0.13705,-0.71471,0.71471
786,3945,0.00068,0.00068,-0.04391,0.04391,-0.71471,0.71471
787,3950,-0.00019,0.00019,-0.15015,0.15015,-0.71471,0.71471
788,3955,-0.00073,0.00073,-0.59222,0.59222,-0.71471,0.71471
789,3960,-0.00344,0.00344,-0.44251,0.44251,-1.04656,1.04656
790,3965,-0.00001,0.00001,-0.10782,0.10782,-1.04655,1.04655
791,3970,-0.00139,0.00139,0.05817,0.05817,-1.04655,1.04655
792,3975,-0.00120,0.00120,0.28738,0.28738,-1.04656,1.04656
793,3980,0.00402,0.00402,0.38403,0.38403,1.69889,1.69889
794,3985,0.00214,0.00214,0.74589,0.74589,1.69889,1.69889
795,3990,0.00206,0.00206,0.55687,0.55687,1.69889,1.69889
796,3995,0.00223,0.00223,0.61747,0.61747,1.69889,1.69889
797,4000,0.00017,0.00017,0.47237,0.47237,0.50368,0.50368
798,4005,0.00164,0.00164,0.06631,0.06631,0.50368,0.50368
799,4010,-0.00400,0.00400,0.10088,0.10088,0.50368,0.50368
800,4015,-0.00126,0.00126,-0.26976,0.26976,0.50368,0.50368
801,4020,-0.00307,0.00307,-0.58923,0.58923,-1.97205,1.97205
802,4025,-0.00061,0.00061,-0.56543,0.56543,-1.97205,1.97205
803,4030,0.00477,0.00477,-0.70781,0.70781,-1.97205,1.97205
804,4035,-0.00198,0.00198,-0.67637,0.67637,-1.97205,1.97205
805,4040,-0.00159,0.00159,-0.64394,0.64394,-0.85942,0.85942
806,4045,0.00133,0.00133,-0.35257,0.35257,-0.85942,0.85942
807,4050,0.00007,0.00007,-0.22477,0.22477,-0.85942,0.85942
808,4055,-0.00271,0.00271,-0.57062,0.57062,-0.85942,0.85942
809,4060,-0.00094,0.00094,-0.09556,0.09556,0.87572,0.87572
810,4065,0.00013,0.00013,0.03937,0.03937,0.87572,0.87572
811,4070,-0.00010,0.00010,-0.23293,0.23293,0.87572,0.87572
812,4075,-0.00252,0.00252,-0.03324,0.03324,0.87572,0.87572
813,4080,0.00498,0.00498,0.18754,0.18754,-0.44725,0.44725
814,4085,0.00040,0.00040,0.25193,0.25193,-0.44725,0.44725
815,4090,-0.00338,0.00338,0.10638,0.10638,-0.44725,0.44725
816,4095,0.00312,0.00312,0.28876,0.28876,-0.44725,0.44725
817,4100,0.00054,0.00054,0.38858,0.38858,-0.17461,0.17461
818,4105,0.00071,0.00071,-0.07491,0.07491,-0.17461,0.17461
819,4110,-0.00168,0.00168,-0.01776,0.01776,-0.17461,0.17461
820,4115,0.00349,0.00349,0.18419,0.18419,-0.17461,0.17461
821,4120,-0.00045,0.00045,-0.10037,0.10037,0.11051,0.11051
822,4125,-0.00296,0.00296,-0.21362,0.21362,0.11051,0.11051
823,4130,0.00103,0.00103,-0.22901,0.22901,0.11051,0.11051
824,4135,-0.00037,0.00037,-0.04602,0.04602,0.11051,0.11051
825,4140,-0.00233,0.00233,-0.31456,0.31456,0.92184,0.92184
826,4145,-0.00194,0.00194,-0.27572,0.27572,0.92184,0.92184
827,4150,-0.00016,0.00016,-0.06044,0.06044,0.92184,0.92184
828,4155,0.00072,0.00072,-0.16399,0.16399,0.92184,0.92184
829,4160,-0.00093,0.00093,-0.00886,0.00886,-0.16453,0.16453
830,4165,0.00035,0.00035,0.36718,0.36718,-0.16453,0.16453
831,4170,0.00074,0.00074,0.77350,0.77350,-0.16453,0.16453
832,4175,-0.00052,0.00052,0.84666,0.84666,-0.16453,0.16453
833,4180,0.00177,0.00177,0.69771,0.69771,0.85183,0.85183
834,4185,0.00390,0.00390,1.53970,1.53970,0.85183,0.85183
835,4190,0.00478,0.00478,1.56416,1.56416,0.85183,0.85183
836,4195,0.00108,0.00108,1.30817,1.30817,0.85183,0.85183
837,4200,-0.00127,0.00127,1.29431,1.29431,0.09176,0.09176
838,4205,0.01278,0.01278,1.13562,1.13562,0.09176,0.09176
839,4210,0.00061,0.00061,0.95946,0.95946,0.09176,0.09176
840,4215,-0.00362,0.00362,0.28530,0.28530,0.09176,0.09176
841,4220,-0.00150,0.00150,0.38127,0.38127,1.17427,1.17427
842,4225,-0.00103,0.00103,0.45916,0.45916,1.17427,1.17427
843,4230,0.00082,0.00082,-0.42816,0.42816,1.17427,1.17427
844,4235,-0.00650,0.00650,0.08795,0.08795,1.17427,1.17427
845,4240,0.00223,0.00223,0.23757,0.23757,1.62550,1.62550
846,4245,-0.00085,0.00085,-0.09097,0.09097,1.62550,1.62550
847,4250,-0.00269,0.00269,-0.07226,0.07226,1.62550,1.62550
848,4255,0.00824,0.00824,0.16677,0.16677,1.62550,1.62550
849,4260,-0.00078,0.00078,0.64704,0.64704,-0.58130,0.58130
850,4265,-0.00593,0.00593,0.30673,0.30673,-0.58130,0.58130
851,4270,0.00027,0.00027,0.54411,0.54411,-0.58130,0.58130
852,4275,0.00574,0.00574,0.68896,0.68896,-0.58130,0.58130
853,4280,0.00260,0.00260,0.08567,0.08567,-0.94876,0.94876
854,4285,-0.00193,0.00193,-0.12407,0.12407,-0.94876,0.94876
855,4290,0.00451,0.00451,0.09915,0.09915,-0.94876,0.94876
856,4295,0.00114,0.00114,-0.21933,0.21933,-0.94876,0.94876
857,4300,-0.00005,0.00005,-0.33482,0.33482,-1.30052,1.30052
858,4305,-0.00383,0.00383,-0.39717,0.39717,-1.30052,1.30052
859,4310,-0.00185,0.00185,-0.29788,0.29788,-1.30052,1.30052
860,4315,-0.00457,0.00457,-0.22082,0.22082,-1.30052,1.30052
861,4320,0.00283,0.00283,-0.12759,0.12759,1.21645,1.21645
862,4325,0.00036,0.00036,-0.09741,0.09741,1.21645,1.21645
863,4330,-0.00151,0.00151,-0.21379,0.21379,1.21644,1.21644
864,4335,0.00456,0.00456,-0.01411,0.01411,1.21645,1.21645
865,4340,0.00276,0.00276,0.18464,0.18464,-1.09342,1.09342
866,4345,0.00033,0.00033,-0.25663,0.25663,-1.09342,1.09342
867,4350,-0.00586,0.00586,-0.43830,0.43830,-1.09342,1.09342
868,4355,0.00132,0.00132,-0.45139,0.45139,-1.09342,1.09342
869,4360,-0.00201,0.00201,-0.94370,0.94370,-0.03377,0.03377
870,4365,-0.00373,0.00373,-0.94298,0.94298,-0.03377,0.03377
871,4370,-0.00193,0.00193,-1.00346,1.00346,-0.03377,0.03377
872,4375,-0.00102,0.00102,-0.77919,0.77919,-0.03377,0.03377
873,4380,-0.00171,0.00171,-0.76395,0.76395,-2.04875,2.04875
874,4385,0.00331,0.00331,-0.57305,0.57305,-2.04875,2.04875
875,4390,-0.00012,0.00012,-0.19201,0.19201,-2.04875,2.04875
876,4395,-0.00163,0.00163,-0.33018,0.33018,-2.04875,2.04875
877,4400,-0.00031,0.00031,-0.26508,0.26508,2.25849,2.25849
878,4405,-0.00016,0.00016,-0.15520,0.15520,2.25849,2.25849
879,4410,0.00125,0.00125,-0.33065,0.33065,2.25849,2.25849
880,4415,-0.00549,0.00549,-0.31664,0.31664,2.25849,2.25849
881,4420,0.00009,0.00009,-0.27935,0.27935,-0.09587,0.09587
882,4425,-0.00100,0.00100,-0.39100,0.39100,-0.09587,0.09587
883,4430,-0.00068,0.00068,-0.58572,0.58572,-0.09587,0.09587
884,4435,-0.00099,0.00099,-0.56561,0.56561,-0.09587,0.09587
885,4440,-0.00149,0.00149,-0.28016,0.28016,-1.20672,1.20672
886,4445,-0.00020,0.00020,-0.25168,0.25168,-1.20671,1.20671
887,4450,-0.00142,0.00142,-0.12505,0.12505,-1.20672,1.20672
888,4455,0.00353,0.00353,0.06604,0.06604,-1.20671,1.20671
889,4460,0.00042,0.00042,0.20216,0.20216,0.10448,0.10448
890,4465,0.00044,0.00044,0.23250,0.23250,0.10448,0.10448
891,4470,0.00097,0.00097,0.49673,0.49673,0.10448,0.10448
892,4475,0.00236,0.00236,0.59796,0.59796,0.10448,0.10448
893,4480,0.00078,0.00078,0.53843,0.53843,0.73515,0.73515
894,4485,-0.00208,0.00208,0.33714,0.33714,0.73515,0.73515
895,4490,0.00306,0.00306,0.45912,0.45912,0.73514,0.73514
896,4495,-0.00084,0.00084,0.54668,0.54668,0.73515,0.73515
897,4500,0.00203,0.00203,0.12853,0.12853,-0.28860,0.28860
898,4505,-0.00267,0.00267,0.18770,0.18770,-0.28860,0.28860
899,4510,0.00267,0.00267,0.24372,0.24372,-0.28860,0.28860
900,4515,0.00263,0.00263,0.10862,0.10862,-0.28860,0.28860
901,4520,-0.00481,0.00481,0.03146,0.03146,0.60506,0.60506
902,4525,0.00183,0.00183,-0.33669,0.33669,0.60506,0.60506
903,4530,-0.00109,0.00109,-0.20142,0.20142,0.60506,0.60506
904,4535,0.00091,0.00091,-0.53041,0.53041,0.60506,0.60506
905,4540,-0.00069,0.00069,-0.36032,0.36032,-1.78750,1.78750
906,4545,-0.00319,0.00319,0.20495,0.20495,-1.78750,1.78750
907,4550,0.00040,0.00040,0.27686,0.27686,-1.78749,1.78749
908,4555,-0.00190,0.00190,56.38481,56.38481,-1.78750,1.78750
909,4560,0.00065,0.00065,115.35423,115.35423,8.21967,8.21967
910,4565,0.00022,0.00022,115.89647,115.89647,8.21967,8.21967
911,4570,-0.00126,0.00126,116.38605,116.38605,8.21967,8.21967
912,4575,0.91837,0.91837,116.61377,116.61377,8.21967,8.21967
913,4580,0.96826,0.96826,116.43555,116.43555,6.82479,6.82479
914,4585,0.00340,0.00340,54.86749,54.86749,6.82478,6.82478
915,4590,0.00004,0.00004,0.57043,0.57043,6.82479,6.82479
916,4595,-0.00069,0.00069,-0.08850,0.08850,6.82478,6.82478
917,4600,0.00115,0.00115,-56.28210,56.28210,-12.44766,12.44766
918,4605,-1.00137,1.00137,-115.28455,115.28455,-12.44765,12.44765
919,4610,-0.88210,0.88210,-115.78189,115.78189,-12.44766,12.44766
920,4615,-0.00050,0.00050,-116.01987,116.01987,-12.44766,12.44766
921,4620,-0.00185,0.00185,-116.35416,116.35416,-0.54689,0.54689
922,4625,0.00101,0.00101,-116.20236,116.20236,-0.54689,0.54689
923,4630,-0.00065,0.00065,-54.72343,54.72343,-0.54689,0.54689
924,4635,0.00026,0.00026,-0.82522,0.82522,-0.54689,0.54689
925,4640,-0.00207,0.00207,-0.14476,0.14476,-0.52916,0.52916
926,4645,-0.00305,0.00305,0.06453,0.06453,-0.52916,0.52916
927,4650,0.00410,0.00410,-0.09087,0.09087,-0.52916,0.52916
928,4655,-0.00143,0.00143,0.14578,0.14578,-0.52916,0.52916
929,4660,0.00380,0.00380,0.03500,0.03500,-0.17027,0.17027
930,4665,0.00138,0.00138,0.26117,0.26117,-0.17027,0.17027
931,4670,-0.00176,0.00176,0.29548,0.29548,-0.17027,0.17027
932,4675,0.00303,0.00303,-0.06163,0.06163,-0.17027,0.17027
933,4680,-0.00116,0.00116,0.42885,0.42885,-1.26995,1.26995
934,4685,0.00207,0.00207,0.02174,0.02174,-1.26995,1.26995
935,4690,-0.00207,0.00207,-0.01481,0.01481,-1.26994,1.26994
936,4695,-0.00136,0.00136,0.52902,0.52902,-1.26995,1.26995
937,4700,0.00551,0.00551,0.11812,0.11812,1.48368,1.48368
938,4705,-0.00383,0.00383,0.30260,0.30260,1.48368,1.48368
939,4710,-0.00015,0.00015,0.00009,0.00009,1.48367,1.48367
940,4715,0.00627,0.00627,0.19312,0.19312,1.48368,1.48368
941,4720,-0.00354,0.00354,0.14340,0.14340,-0.51109,0.51109
942,4725,0.00145,0.00145,-0.42584,0.42584,-0.51109,0.51109
943,4730,-0.00333,0.00333,-0.00079,0.00079,-0.51109,0.51109
944,4735,0.00069,0.00069,-0.15613,0.15613,-0.51109,0.51109
945,4740,-0.00251,0.00251,-0.65588,0.65588,-0.68349,0.68349
946,4745,-0.00264,0.00264,-0.22345,0.22345,-0.68349,0.68349
947,4750,0.00439,0.00439,-0.33668,0.33668,-0.68349,0.68349
948,4755,-0.00149,0.00149,-0.26216,0.26216,-0.68349,0.68349
949,4760,-0.00121,0.00121,-0.28176,0.28176,0.14131,0.14131
950,4765,0.00321,0.00321,0.27369,0.27369,0.14131,0.14131
951,4770,-0.00078,0.00078,0.44142,0.44142,0.14131,0.14131
952,4775,-0.00247,0.00247,0.08502,0.08502,0.14131,0.14131
953,4780,-0.00096,0.00096,0.24096,0.24096,1.83896,1.83896
954,4785,0.00522,0.00522,0.10085,0.10085,1.83896,1.83896
955,4790,-0.00130,0.00130,-0.38066,0.38066,1.83896,1.83896
956,4795,-0.00290,0.00290,-0.32673,0.32673,1.83896,1.83896
957,4800,0.00142,0.00142,0.14202,0.14202,-1.29905,1.29905
958,4805,-0.00271,0.00271,0.21605,0.21605,-1.29905,1.29905
959,4810,-0.00390,0.00390,-0.14988,0.14988,-1.29905,1.29905
960,4815,0.00092,0.00092,0.17164,0.17164,-1.29905,1.29905
961,4820,0.00454,0.00454,0.22122,0.22122,1.40222,1.40222
962,4825,0.00051,0.00051,0.02492,0.02492,1.40222,1.40222
963,4830,-0.00056,0.00056,-0.11216,0.11216,1.40222,1.40222
964,4835,0.00424,0.00424,0.23940,0.23940,1.40222,1.40222
965,4840,-0.00056,0.00056,0.39555,0.39555,-0.86760,0.86760
966,4845,-0.00205,0.00205,-0.10605,0.10605,-0.86761,0.86761
967,4850,-0.00521,0.00521,-0.29081,0.29081,-0.86760,0.86760
968,4855,0.00164,0.00164,-0.46330,0.46330,-0.86760,0.86760
969,4860,0.00341,0.00341,-0.71309,0.71309,-1.16019,1.16019
970,4865,-0.00228,0.00228,-0.71798,0.71798,-1.16018,1.16018
971,4870,-0.00110,0.00110,-0.75209,0.75209,-1.16018,1.16018
972,4875,-0.00196,0.00196,-0.43678,0.43678,-1.16018,1.16018
973,4880,0.00077,0.00077,-0.27340,0.27340,0.25515,0.25515
974,4885,-0.00127,0.00127,-0.36186,0.36186,0.25515,0.25515
975,4890,-0.00324,0.00324,-0.08136,0.08136,0.25515,0.25515
976,4895,-0.00064,0.00064,-0.03806,0.03806,0.25515,0.25515
977,4900,0.00382,0.00382,0.02427,0.02427,0.04234,0.04234
978,4905,0.00128,0.00128,0.11844,0.11844,0.04234,0.04234
979,4910,0.00166,0.00166,0.04739,0.04739,0.04235,0.04235
980,4915,-0.00106,0.00106,0.26247,0.26247,0.04234,0.04234
981,4920,-0.00181,0.00181,0.19919,0.19919,0.40154,0.40154
982,4925,0.00224,0.00224,0.03015,0.03015,0.40154,0.40154
983,4930,-0.00252,0.00252,-0.03617,0.03617,0.40154,0.40154
984,4935,0.00022,0.00022,-0.33245,0.33245,0.40154,0.40154
985,4940,-0.00100,0.00100,-0.19585,0.19585,-0.97142,0.97142
986,4945,0.00161,0.00161,0.02150,0.02150,-0.97141,0.97141
987,4950,0.00076,0.00076,-0.05935,0.05935,-0.97141,0.97141
988,4955,-0.00265,0.00265,0.05667,0.05667,-0.97142,0.97142
989,4960,0.00038,0.00038,0.02613,0.02613,1.49195,1.49195
990,4965,0.00115,0.00115,0.14438,0.14438,1.49195,1.49195
991,4970,0.00030,0.00030,0.02395,0.02395,1.49195,1.49195
992,4975,-0.00122,0.00122,-0.03827,0.03827,1.49195,1.49195
993,4980,-0.00014,0.00014,0.23014,0.23014,0.13479,0.13479
994,4985,0.00033,0.00033,0.07962,0.07962,0.13479,0.13479
995,4990,-0.00100,0.00100,0.10625,0.10625,0.13480,0.13480
996,4995,-0.00089,0.00089,0.08207,0.08207,0.13479,0.13479
997,5000,0.00140,0.00140,0.08218,0.08218,-0.30162,0.30162
998,5005,-0.00109,0.00109,0.05847,0.05847,-0.30162,0.30162
999,5010,0.00260,0.00260,-0.11969,0.11969,-0.30162,0.30162
1000,5015,0.00091,0.00091,-0.02848,0.02848,-0.30162,0.30162
1001,5020,-0.00065,0.00065,-0.12274,0.12274,0.46859,0.46859
1002,5025,-0.00072,0.00072,-0.19951,0.19951,0.46859,0.46859
1003,5030,-0.00279,0.00279,-0.14783,0.14783,0.46859,0.46859
1004,5035,0.00032,0.00032,-0.37789,0.37789,0.46859,0.46859
1005,5040,-0.00158,0.00158,-0.38662,0.38662,-1.39829,1.39829
1006,5045,0.00075,0.00075,-0.37874,0.37874,-1.39828,1.39828
1007,5050,0.00037,0.00037,-0.47902,0.47902,-1.39829,1.39829
1008,5055,-0.00057,0.00057,-0.43425,0.43425,-1.39829,1.39829
1009,5060,0.00088,0.00088,-0.46117,0.46117,-0.50120,0.50120
1010,5065,0.00003,0.00003,-0.22389,0.22389,-0.50120,0.50120
1011,5070,-0.00182,0.00182,-0.31646,0.31646,-0.50120,0.50120
1012,5075,-0.00151,0.00151,-0.12794,0.12794,-0.50120,0.50120
1013,5080,0.00000,0.00000,-0.01441,0.01441,0.25156,0.25156
1014,5085,0.00140,0.00140,-0.05996,0.05996,0.25156,0.25156
1015,5090,-0.00170,0.00170,0.02759,0.02759,0.25156,0.25156
1016,5095,0.00255,0.00255,0.36225,0.36225,0.25156,0.25156
1017,5100,0.00030,0.00030,0.48073,0.48073,0.37211,0.37211
1018,5105,-0.00036,0.00036,0.40683,0.40683,0.37211,0.37211
1019,5110,0.00098,0.00098,0.28985,0.28985,0.37211,0.37211
1020,5115,0.00320,0.00320,0.52642,0.52642,0.37211,0.37211
1021,5120,-0.00035,0.00035,0.26324,0.26324,0.90842,0.90842
1022,5125,-0.00159,0.00159,0.08506,0.08506,0.90842,0.90842
1023,5130,-0.00089,0.00089,0.22472,0.22472,0.90842,0.90842
1024,5135,0.00182,0.00182,0.05887,0.05887,0.90842,0.90842
1025,5140,-0.00119,0.00119,-0.11710,0.11710,-0.80283,0.80283
1026,5145,-0.00197,0.00197,-0.06987,0.06987,-0.80284,0.80284
1027,5150,0.00260,0.00260,-0.14820,0.14820,-0.80284,0.80284
1028,5155,-0.00109,0.00109,-0.14940,0.14940,-0.80283,0.80283
1029,5160,0.00103,0.00103,-0.39546,0.39546,-0.92320,0.92320
1030,5165,0.00145,0.00145,-0.21244,0.21244,-0.92320,0.92320
1031,5170,-0.00185,0.00185,-0.05873,0.05873,-0.92320,0.92320
1032,5175,0.00011,0.00011,-0.27561,0.27561,-0.92320,0.92320
1033,5180,-0.00218,0.00218,0.14453,0.14453,0.81969,0.81969
1034,5185,0.00091,0.00091,-0.00529,0.00529,0.81969,0.81969
1035,5190,-0.00035,0.00035,0.05112,0.05112,0.81969,0.81969
1036,5195,-0.00189,0.00189,0.25041,0.25041,0.81969,0.81969
1037,5200,0.00507,0.00507,0.23366,0.23366,0.54725,0.54725
1038,5205,-0.00226,0.00226,0.27539,0.27539,0.54725,0.54725
1039,5210,0.00156,0.00156,0.11867,0.11867,0.54725,0.54725
1040,5215,0.00060,0.00060,0.26234,0.26234,0.54725,0.54725
1041,5220,-0.00081,0.00081,0.29656,0.29656,0.23144,0.23144
1042,5225,-0.00116,0.00116,0.03989,0.03989,0.23144,0.23144
1043,5230,-0.00134,0.00134,0.18599,0.18599,0.23144,0.23144
1044,5235,0.00234,0.00234,0.08623,0.08623,0.23144,0.23144
1045,5240,-0.00087,0.00087,-0.17614,0.17614,0.01553,0.01553
1046,5245,0.00114,0.00114,-0.05678,0.05678,0.01553,0.01553
1047,5250,0.00044,0.00044,-0.04387,0.04387,0.01553,0.01553
1048,5255,0.00021,0.00021,-0.04421,0.04421,0.01553,0.01553
1049,5260,-0.00249,0.00249,-0.11752,0.11752,-1.63820,1.63820
1050,5265,0.00221,0.00221,0.08534,0.08534,-1.63820,1.63820
1051,5270,0.00010,0.00010,-0.03438,0.03438,-1.63820,1.63820
1052,5275,-0.00029,0.00029,0.01430,0.01430,-1.63820,1.63820
1053,5280,0.00041,0.00041,-0.08580,0.08580,1.52839,1.52839
1054,5285,0.00162,0.00162,-0.04095,0.04095,1.52839,1.52839
1055,5290,-0.00168,0.00168,-0.12379,0.12379,1.52840,1.52840
1056,5295,0.00039,0.00039,-0.03242,0.03242,1.52839,1.52839
1057,5300,-0.00150,0.00150,-0.01628,0.01628,0.13465,0.13465
1058,5305,-0.00275,0.00275,-0.20940,0.20940,0.13465,0.13465
1059,5310,-0.00015,0.00015,-0.26722,0.26722,0.13465,0.13465
1060,5315,0.00061,0.00061,-0.10057,0.10057,0.13465,0.13465
1061,5320,-0.00079,0.00079,-0.25412,0.25412,-0.27824,0.27824
1062,5325,-0.00176,0.00176,-0.18250,0.18250,-0.27824,0.27824
1063,5330,0.00168,0.00168,0.12956,0.12956,-0.27824,0.27824
1064,5335,0.00208,0.00208,0.08754,0.08754,-0.27824,0.27824
1065,5340,-0.00168,0.00168,0.04718,0.04718,0.70682,0.70682
1066,5345,-0.00064,0.00064,0.06949,0.06949,0.70682,0.70682
1067,5350,0.00207,0.00207,0.15145,0.15145,0.70682,0.70682
1068,5355,-0.00117,0.00117,-0.02132,0.02132,0.70683,0.70683
1069,5360,0.00062,0.00062,-0.23766,0.23766,-1.05926,1.05926
1070,5365,0.00001,0.00001,-0.13884,0.13884,-1.05926,1.05926
1071,5370,0.00003,0.00003,-0.12384,0.12384,-1.05926,1.05926
1072,5375,-0.00073,0.00073,-0.27373,0.27373,-1.05926,1.05926
1073,5380,-0.00164,0.00164,-0.22695,0.22695,0.00000,0.00000
1074,5385,0.00035,0.00035,-0.22823,0.22823,0.00000,0.00000
